Date,Close,High,Low,Open,Volume
1/1/2020,655.6152344,658.4179813,651.7893029,653.9692111,2112415
1/2/2020,653.7023926,659.1298712,650.3213376,657.4393709,5658200
1/3/2020,663.7566528,665.5361613,652.9906484,652.9906484,7882938
1/6/2020,657.3947754,670.6966096,655.303875,663.8454924,6519403
1/7/2020,647.6520996,660.7314428,645.1607444,656.6385952,7899363
1/8/2020,639.0214233,648.630757,630.2128358,645.0272637,8639443
1/9/2020,647.3406982,650.8552384,635.5514543,642.1356576,13521186
1/10/2020,656.7719727,660.9983044,649.9653325,658.8183961,9341405
1/13/2020,688.2692261,691.7837654,671.7642995,676.2130697,36952038
1/14/2020,690.1378174,691.2944869,682.6193841,685.0662079,11414418
1/15/2020,682.9307861,688.5362264,678.1261463,688.5362264,6047430
1/16/2020,682.4414673,687.3351154,676.4356265,685.7335687,5740586
1/17/2020,683.1978149,687.6911176,678.2152126,685.7336473,3762957
1/20/2020,683.7316284,689.0256768,678.8379803,686.5343216,3887680
1/21/2020,678.437561,685.5555945,676.8804912,683.7316093,4448374
1/22/2020,685.2886353,692.2287065,681.5516571,683.7315655,9733935
1/23/2020,697.8786621,698.9019011,691.0720753,691.4279444,12528017
1/24/2020,696.4550171,699.7915949,688.3137454,690.2267384,7540490
1/27/2020,692.3175659,698.2789286,689.0255196,693.1628431,3741610
1/28/2020,692.2288818,695.6099375,686.8903558,694.8981449,5121009
1/29/2020,702.638916,705.3971324,697.7897447,699.8806454,6832757
1/30/2020,694.6311035,702.6388912,692.2287564,702.6388912,3859680
1/31/2020,690.4047241,698.4125112,686.5342611,694.4975714,6092028
2/3/2020,682.7973022,703.751,680.2169937,695.7876901,6416745
2/4/2020,700.9927368,702.8167761,685.1996017,685.1996017,5771311
2/5/2020,698.0566406,699.3467951,689.0256682,694.8980241,6310409
2/6/2020,686.3118896,700.0586031,685.1107432,697.8786944,7341622
2/7/2020,691.605896,692.9850041,686.0004557,690.4047496,2853344
2/10/2020,687.9579468,692.228756,684.888284,688.6697393,3827682
2/11/2020,688.2692261,693.2073501,684.3988177,693.1183964,4312817
2/12/2020,694.9425049,696.899975,689.6484565,690.2712953,2948825
2/13/2020,704.9078369,706.4649069,695.9658172,698.4571183,4387430
2/14/2020,699.7471313,711.0914963,698.1010537,706.9096411,5321680
2/17/2020,702.4164429,705.9754596,696.944433,703.1727122,2929629
2/18/2020,709.7124634,710.9580867,697.2559045,698.457051,5083346
2/19/2020,712.2037964,716.1186825,708.377864,711.8033961,3985192
2/20/2020,709.1340942,717.2308357,706.3313468,714.695058,4564569
2/24/2020,708.1109009,722.1245304,704.8188536,711.8923565,6627536
2/25/2020,710.3797607,717.1418708,707.7104982,710.9135915,6996695
2/26/2020,696.4550171,713.0934295,694.4530704,706.4202738,8760569
2/27/2020,692.0952759,694.6755848,687.0681973,692.2287607,5223386
2/28/2020,651.0330811,673.3658871,642.4469323,667.3155701,14123957
3/2/2020,659.3522339,681.4626548,652.8570401,655.7487408,9821523
3/3/2020,664.6463623,675.3234123,659.5302758,671.7643956,7826587
3/4/2020,675.1009521,677.547776,663.3561867,670.7856663,11013444
3/5/2020,671.4085083,688.2693615,668.8727305,679.5497811,7755293
3/6/2020,657.4838257,661.9770732,648.7197149,659.3078108,9216022
3/9/2020,626.7873535,645.8280607,620.1586739,644.6269143,10308654
3/11/2020,610.3713379,619.2244024,595.2899944,614.5087163,16165009
3/12/2020,561.612854,596.1353056,558.3207526,594.3557972,13965574
3/13/2020,571.5335083,593.465968,507.1598227,526.7344124,16903113
3/16/2020,518.8601074,553.5605161,516.0573604,553.4270313,19140152
3/17/2020,493.769043,526.7344211,489.3647494,523.2643585,16059887
3/18/2020,475.3955994,514.277864,469.7901595,505.3803231,15390183
3/19/2020,485.405365,496.482815,453.1073003,453.1073003,16583991
3/20/2020,520.6842041,549.378779,487.5853347,488.9199661,21354894
3/23/2020,468.4110718,499.1075892,459.0241766,480.4672294,17146150
3/24/2020,524.7769775,534.8757195,464.4516581,464.4516581,20027097
3/25/2020,539.3690186,564.9939292,503.3339727,531.1832689,18339548
3/26/2020,572.1118774,579.0964253,544.6184545,547.198763,14843813
3/27/2020,580.7426147,600.4951701,571.4446719,591.7310581,13495283
3/30/2020,557.6089478,590.3518903,552.6262918,556.1853085,14624804
3/31/2020,570.7773438,589.0173056,563.8372716,578.3402548,15175521
4/1/2020,536.343811,567.2182921,528.5139851,564.4155447,13083824
4/3/2020,521.1290894,539.1910903,517.9704725,536.9667046,10221655
4/7/2020,568.5527954,573.2240038,545.3302382,547.1986998,15145605
4/8/2020,561.9686279,583.367256,557.2974192,560.5450432,11806896
4/9/2020,566.1061401,580.8315621,562.4136383,575.4930366,11931114
4/13/2020,567.1292725,579.8527449,557.0305311,559.6553165,8330276
4/15/2020,568.5974121,581.2764095,565.5277493,579.5859091,11963447
4/16/2020,555.0731201,564.9049472,536.9666444,551.6031114,17783287
4/17/2020,559.4329224,574.7811815,556.9860984,573.0016732,8878320
4/20/2020,581.2763062,588.1274232,568.5528342,569.4425882,13322913
4/21/2020,563.3924561,575.2261779,558.5877609,558.5877609,11660575
4/22/2020,571.0887451,573.8914927,558.8101473,563.3924034,8266728
4/23/2020,604.4099731,608.2804362,567.7520919,575.7154023,14451289
4/24/2020,585.458252,600.5840731,582.6110277,594.8451477,7319940
4/27/2020,591.3306885,605.9226808,588.1720716,588.1720716,7183306
4/28/2020,587.8605347,602.3635154,581.0538942,598.804499,7296571
4/29/2020,601.9631348,606.8123055,585.4582068,592.5762397,8639056
4/30/2020,636.6190796,640.6229732,621.137336,622.8278906,16253821
5/4/2020,599.4274292,623.8956703,596.44672,613.7524504,9122740
5/5/2020,599.4274292,610.0154718,596.1353277,606.5899398,6393053
5/6/2020,592.4873047,606.3229707,590.8412269,602.2746002,7934250
5/7/2020,591.6420898,600.0057471,589.4177043,592.1759207,4779548
5/8/2020,599.8722534,605.833617,594.8006439,598.137222,8400321
5/11/2020,607.6132202,621.5378421,603.2534025,607.2572968,7370186
5/12/2020,611.8394775,614.8201323,601.0289426,603.6982052,7356039
5/13/2020,617.6228638,622.7389501,608.3693989,618.2011714,8287101
5/14/2020,585.5917358,597.692371,580.6535567,586.3480052,16888262
5/15/2020,580.3866577,591.5085853,575.4040559,591.5085853,9255353
5/18/2020,590.7078247,596.6246574,581.0094824,587.1042768,10435442
5/19/2020,594.8896484,600.4061355,582.7890128,590.7968008,5902208
5/20/2020,595.7348022,598.8044645,586.9262699,594.8005714,5794636
5/21/2020,598.0927734,604.5434913,592.0424558,593.0211637,7213225
5/22/2020,616.0212402,619.1353796,599.2493969,600.5840281,11867731
5/26/2020,605.5221558,622.3385304,604.1430477,616.5996054,7099606
5/27/2020,627.677124,631.0137023,600.5840972,610.4158705,8774636
5/28/2020,629.4120483,631.7253872,613.9303059,629.056125,9440091
5/29/2020,623.189209,632.027482,608.7142753,624.5420076,28290128
6/1/2020,630.9001465,637.3034261,623.6401385,630.1786649,12276438
6/2/2020,638.611084,641.8127513,629.0964118,631.7569266,7059304
6/3/2020,632.7038574,642.0382002,627.6985139,640.9559504,11378568
6/4/2020,638.2954712,639.8286539,629.0513474,633.1097432,10782424
6/5/2020,634.5076294,641.8578572,631.8471145,637.6190772,7718679
6/8/2020,650.1098633,654.5741095,634.9134484,638.2052802,10719105
6/9/2020,647.178894,658.0012839,644.8791472,649.343394,10078029
6/10/2020,645.6005249,648.8472744,639.6031512,644.8339611,7263049
6/11/2020,634.8683472,643.3909887,631.5314332,642.1283548,8825715
6/12/2020,624.1361084,626.9319249,609.210243,609.4807917,9795316
6/15/2020,620.0777588,635.2742291,618.0034787,624.9929379,7857344
6/16/2020,632.3882446,642.1283833,630.5394309,633.1097262,10131760
6/17/2020,634.5979004,640.595275,629.5023365,631.2159036,7291916
6/18/2020,643.8419189,646.2769122,636.7171582,638.7012737,6670195
6/19/2020,636.3113403,642.0382206,632.2078624,639.422788,22438862
6/22/2020,634.6430054,639.1523346,631.3060907,637.7093162,7804096
6/23/2020,649.9295654,653.4017265,624.1812546,627.4280043,12157390
6/24/2020,644.0675049,655.4760746,639.7836422,646.5476359,10220838
6/25/2020,631.756958,636.3564513,625.4438978,635.680052,14945284
6/26/2020,674.7759399,677.8422503,640.3246586,640.5050427,26030458
6/29/2020,659.9401855,671.6193567,658.4520852,663.2320172,8954428
6/30/2020,663.7280884,666.4336855,653.1762484,660.8871893,10411290
7/1/2020,660.0755615,669.4549323,658.1365282,664.9005212,5477468
7/2/2020,682.3516846,690.3332304,663.2321725,664.9907668,17263756
7/3/2020,687.8530273,689.0254418,678.6539856,680.90865,7796572
7/6/2020,689.0254517,698.9459752,686.7707872,690.1077016,8810958
7/7/2020,716.2167969,718.7420103,690.4234002,693.8956168,19362533
7/8/2020,698.675415,707.8744568,696.4207506,707.8744568,8476642
7/9/2020,704.9884033,712.4738774,698.9458923,703.4552207,6854166
7/10/2020,705.1236572,712.38372,697.5931008,697.5931008,5206452
7/13/2020,718.8320313,726.3175054,708.9115087,710.6701578,10804688
7/14/2020,706.3862915,727.2645039,704.6727247,715.1343996,8961822
7/15/2020,749.4054565,765.1881093,716.8029833,720.590831,30060599
7/16/2020,821.5997314,861.7327589,806.4934795,811.7693724,90432109
7/17/2020,814.5200806,829.626332,804.5995572,821.5997047,31682878
7/20/2020,842.6131592,852.2631337,817.7667688,819.3450338,18421053
7/21/2020,844.8227539,856.5019266,838.0136784,852.2631465,12877784
7/22/2020,827.8226318,846.851978,820.6978701,846.8068957,14354201
7/23/2020,818.8491211,825.9287461,812.2655113,825.7934992,13051307
7/24/2020,832.2867432,834.9021757,814.6101974,814.6101974,18209580
7/27/2020,855.3746948,859.2977893,828.4991029,831.1144809,16827870
7/28/2020,868.3613281,872.6001077,848.8359696,853.1649138,15818463
7/29/2020,860.5151978,865.7910902,851.0004704,859.7034966,11152710
7/30/2020,867.098877,877.1997848,864.6638283,867.5948921,12492320
7/31/2020,871.2022705,889.6454352,859.7485651,874.133334,12704346
8/3/2020,862.9953613,870.6612202,854.472719,865.7911231,8479792
8/4/2020,856.637207,875.441142,848.2498661,866.1970175,11133170
8/5/2020,851.9925537,866.6478716,846.2205911,858.5761624,9614176
8/6/2020,875.576355,878.7780225,850.0084826,859.929006,10976491
8/7/2020,857.5841675,874.3137662,855.8706005,874.3137662,8010948
8/10/2020,857.9899292,862.9051084,852.5336526,855.7804022,5716319
8/11/2020,855.3746948,867.5949663,853.255277,856.6824113,6802442
8/12/2020,861.2366943,864.7088554,849.7379062,854.9687165,6908726
8/13/2020,857.8547363,873.4570032,855.1942213,861.1014311,5097703
8/14/2020,860.019165,868.4967252,858.6212841,862.048363,4663873
8/17/2020,863.5365601,877.0194657,860.4701941,860.4701941,9008210
8/18/2020,872.6001587,874.0882591,864.6186692,869.3083819,6141761
8/19/2020,865.15979,876.2076453,863.4913604,875.6214656,6622744
8/20/2020,861.4169922,870.7512796,857.9447764,864.7989884,5656501
8/21/2020,855.6901855,868.9025404,853.6609877,868.5417721,6513773
8/24/2020,854.4276123,858.5761726,847.0323023,854.066844,5798574
8/25/2020,846.0401611,855.554888,841.9817656,854.5177204,6233918
8/26/2020,857.4938965,860.6053442,846.3107948,848.8810901,5153601
8/27/2020,854.1118774,866.6478324,852.443448,865.791049,6154280
8/28/2020,843.4698486,859.0270311,841.4857332,858.0800832,7593610
8/31/2020,837.4725342,857.2234166,824.8464134,843.4699636,12808355
9/1/2020,824.4405518,843.2444296,822.591683,835.3531047,6907773
9/2/2020,833.3239746,835.4884745,823.854384,825.2071826,5678118
9/3/2020,843.7404175,856.2312901,833.32388,835.5785442,8827948
9/4/2020,828.9498901,838.2841782,824.7111103,825.2071254,8650342
9/7/2020,834.270874,836.5255383,823.4484854,828.7244329,6700385
9/8/2020,847.1224976,858.5762037,834.7218434,838.6900747,12891964
9/9/2020,836.7059326,853.1649822,835.1276676,843.2444592,5528947
9/10/2020,847.7988892,849.5575384,834.0454364,843.5150268,5171884
9/11/2020,852.8943481,860.5151238,839.6369122,843.1542102,6671903
9/14/2020,882.385437,893.7940053,855.239246,863.0854887,21871587
9/15/2020,886.0379639,896.4545016,876.2978254,883.3774491,11608203
9/16/2020,903.4439697,906.961268,885.6321221,889.2395849,10059251
9/17/2020,911.7862549,920.8049122,897.3564032,897.3564032,15628241
9/18/2020,903.8048096,918.8208417,901.0540749,911.7862997,12897633
9/21/2020,910.7941895,929.8235336,902.3166299,902.7675627,14140637
9/22/2020,908.6296997,922.1576853,893.9292997,909.9824983,12625762
9/23/2020,919.6776123,935.2347967,909.1708541,920.0383806,13486204
9/24/2020,879.6798096,909.9824745,874.8097129,904.5712804,14427432
9/25/2020,912.1920166,915.3034641,879.3190029,880.0404844,13311078
9/28/2020,911.2451782,916.4309063,900.5129538,915.2133545,8554526
9/29/2020,909.982605,927.1180554,905.5634405,918.0993973,8708463
9/30/2020,909.3060913,923.4653938,906.3750278,909.9824906,8048817
10/1/2020,917.7835693,925.765058,912.4625402,920.4440289,5563358
10/5/2020,945.7866821,951.3783165,918.1445266,918.1445266,14212509
10/6/2020,952.1447144,955.9776436,930.1391692,951.4683151,9090819
10/7/2020,961.8849487,966.800073,933.8819735,942.3595334,9284008
10/8/2020,986.3706665,1013.697247,981.5908434,983.0338068,21482613
10/9/2020,998.1849976,1004.047125,981.6356739,987.6331028,10567867
10/12/2020,1021.002075,1028.126836,1002.964762,1012.79512,14633537
10/13/2020,1044.180054,1051.620445,1024.113544,1024.113544,17523825
10/14/2020,1025.421265,1050.583339,1020.100235,1047.967906,16649573
10/15/2020,999.4926147,1069.61267,985.2882306,1064.201476,44288251
10/16/2020,1016.853638,1024.474359,989.2565676,1004.543148,18365685
10/19/2020,1015.410645,1027.225064,1005.85089,1023.617601,12902123
10/20/2020,1025.872192,1032.365581,1001.070887,1009.097513,10448776
10/21/2020,1035.657471,1041.068665,1023.617585,1029.164082,19811433
10/22/2020,1018.251526,1044.360494,1013.516731,1029.930643,11271335
10/23/2020,1023.219421,1034.613847,1021.077292,1032.790739,9069862
10/26/2020,1014.058411,1029.691587,1005.581023,1022.991686,6309368
10/27/2020,994.3687744,1011.551547,981.8805277,1007.905331,10172479
10/28/2020,981.3335571,1007.039337,975.4084558,998.6074619,7608392
10/29/2020,979.7840576,986.3016927,966.3386325,975.3630418,6935616
10/30/2020,966.7942505,987.7599947,959.2739292,977.1859894,8800386
11/2/2020,977.4594727,984.4327723,958.1344596,970.8050834,7183119
11/3/2020,968.5718384,983.9315025,963.9684457,977.18598,7204782
11/4/2020,997.194519,1017.294331,972.4459153,973.5397357,15702690
11/5/2020,1006.355835,1023.675365,1001.798064,1011.734027,9568890
11/6/2020,1014.331787,1021.943241,995.1435295,1010.001905,8807127
11/9/2020,1036.026978,1044.64112,1021.989021,1029.41821,10160320
11/10/2020,994.5512085,1015.334577,982.6553822,1015.334577,15622869
11/11/2020,1023.219421,1026.728882,990.8592526,999.0632391,12514800
11/12/2020,1018.889587,1040.994774,1015.243371,1028.32415,9180976
11/13/2020,1024.769043,1032.790763,1018.205898,1020.94056,6363212
11/14/2020,1033.200928,1038.85263,1031.058798,1036.436989,1136144
11/17/2020,1024.313232,1043.729378,1014.240627,1043.50149,12813968
11/18/2020,1012.326416,1032.51725,1004.031185,1028.688767,9839468
11/19/2020,999.7470093,1016.109362,997.0579691,1002.70956,10092343
11/20/2020,1005.763123,1010.913425,994.5965856,1008.178763,8063554
11/23/2020,1039.035034,1043.547294,1004.487108,1007.267393,10546363
11/24/2020,1039.217407,1052.753965,1033.109927,1043.729556,8515426
11/25/2020,1016.975403,1042.362163,1012.964542,1036.437062,8958701
11/26/2020,1014.741943,1020.894933,1001.159877,1020.894933,10962256
11/27/2020,1002.709534,1021.85217,994.5055466,1019.117508,25306145
12/1/2020,1037.21167,1039.399422,1007.312766,1007.312766,8933802
12/2/2020,1039.992188,1045.962801,1021.852237,1033.702441,6741637
12/3/2020,1026.820068,1045.55255,1023.40174,1045.55255,16212632
12/4/2020,1034.294922,1036.437052,1016.382861,1025.498402,10564055
12/7/2020,1042.362183,1051.021947,1035.525526,1045.826133,7792141
12/8/2020,1051.340942,1063.783679,1043.729488,1043.729488,12308330
12/9/2020,1071.258423,1075.17815,1054.668181,1064.7409,10039346
12/10/2020,1064.467285,1068.022368,1048.2872,1055.032723,9488782
12/11/2020,1060.319702,1068.295801,1053.072891,1057.129263,10574009
12/14/2020,1061.550415,1068.888359,1046.646416,1065.97143,6728187
12/15/2020,1052.480347,1060.775467,1050.110328,1053.756545,6905926
12/16/2020,1062.598511,1065.51555,1051.568729,1057.402697,7788404
12/17/2020,1056.673584,1065.515726,1053.938921,1062.781064,6658153
12/18/2020,1084.567017,1089.307053,1071.622883,1078.231649,15995676
12/21/2020,1073.172729,1102.752617,1050.155988,1082.926314,10858352
12/22/2020,1112.55188,1115.605564,1072.078852,1077.457044,10901851
12/23/2020,1142.2229,1147.509847,1121.712933,1128.503967,15878346
12/24/2020,1126.72644,1139.351442,1117.565278,1139.351442,7313885
12/28/2020,1130.600464,1137.619385,1126.680737,1128.914,4607051
12/29/2020,1139.716064,1143.498925,1125.769243,1125.769243,6878105
12/30/2020,1136.525879,1142.450982,1128.640912,1142.177471,5194690
12/31/2020,1144.729614,1147.099633,1129.415462,1133.061678,7430470
1/1/2021,1148.96814,1153.571532,1144.729503,1146.643744,4253550
1/4/2021,1174.30957,1175.90479,1149.606476,1156.762154,7208454
1/5/2021,1179.368652,1184.108689,1162.277014,1168.61227,8145280
1/6/2021,1168.703491,1186.84344,1155.896223,1185.020332,7161715
1/7/2021,1150.518188,1182.878363,1144.456331,1181.374277,10954918
1/8/2021,1196.050049,1200.33442,1165.193966,1165.193966,13186251
1/11/2021,1254.480713,1260.998347,1221.482499,1223.39674,20528626
1/12/2021,1250.424316,1256.121529,1239.713556,1256.121529,8309868
1/13/2021,1264.46228,1269.612583,1239.713564,1252.338566,14442997
1/14/2021,1249.284912,1261.590893,1201.838476,1239.713594,27521697
1/15/2021,1225.994751,1243.770058,1221.482602,1239.713686,15018441
1/18/2021,1196.004517,1221.482407,1190.48957,1219.659299,8861765
1/19/2021,1200.197876,1213.278657,1195.959127,1203.25156,5585744
1/20/2021,1220.981201,1229.139678,1203.752916,1203.752916,8225838
1/21/2021,1221.208862,1240.670629,1216.924603,1230.597913,6142421
1/22/2021,1222.257324,1236.067391,1209.222167,1209.632322,9646591
1/25/2021,1207.900269,1228.683746,1196.870487,1226.040217,6542611
1/27/2021,1185.931763,1210.133566,1171.438032,1202.886645,8133665
1/28/2021,1163.325317,1181.784288,1159.998234,1177.545651,4660690
1/29/2021,1129.46106,1176.953002,1122.123005,1172.486365,12183519
2/1/2021,1149.378662,1164.920594,1131.238712,1139.944099,8880279
2/2/2021,1158.813232,1179.915734,1151.839821,1166.789331,6892490
2/3/2021,1171.027954,1188.666503,1160.408327,1164.647076,8182968
2/4/2021,1166.196655,1179.004034,1159.542377,1171.346958,5032240
2/5/2021,1159.588013,1174.765412,1150.381338,1172.623282,5477481
2/8/2021,1188.256348,1194.135827,1162.687212,1171.802752,6921922
2/9/2021,1190.07959,1214.190153,1183.060556,1191.310166,7965949
2/10/2021,1181.829834,1188.985511,1170.070764,1181.191791,5951207
2/11/2021,1178.320557,1181.374241,1169.569659,1174.993362,4673317
2/12/2021,1193.953491,1206.669625,1186.433171,1189.577987,5797875
2/15/2021,1193.816772,1210.908411,1191.492265,1203.251335,4363513
2/16/2021,1176.269409,1203.023499,1172.258549,1197.782063,6896421
2/17/2021,1167.974365,1180.006835,1162.23153,1176.269486,4575741
2/18/2021,1178.137939,1190.489541,1162.231366,1163.14292,6437551
2/19/2021,1177.089844,1184.564543,1163.872309,1181.465237,5389696
2/22/2021,1153.29834,1192.814304,1148.558302,1180.4627,7371303
2/23/2021,1154.34668,1176.816514,1146.325069,1158.722185,6612942
2/24/2021,1161.593506,1163.690014,1141.265804,1148.603859,4537258
2/25/2021,1161.821289,1184.792407,1159.496782,1174.491802,8788221
2/26/2021,1142.450806,1161.593442,1134.656974,1156.762161,15132388
3/1/2021,1154.939209,1170.891408,1147.646775,1151.566503,5756286
3/2/2021,1189.122437,1194.135985,1166.060071,1168.840356,10461434
3/3/2021,1224.718506,1227.863323,1192.312714,1202.522075,9056399
3/4/2021,1212.685913,1243.222974,1208.629542,1216.924662,12041941
3/5/2021,1200.243164,1221.482418,1189.623648,1210.999546,6486176
3/8/2021,1217.608643,1227.043207,1200.699266,1207.627168,5119392
3/9/2021,1226.541626,1231.008152,1202.111932,1211.911139,6518173
3/10/2021,1247.142822,1252.475392,1235.155863,1236.887838,7925984
3/12/2021,1253.250122,1268.609786,1248.874729,1251.563769,9462061
3/15/2021,1252.110596,1257.853431,1238.346152,1248.829023,6658635
3/16/2021,1261.59082,1281.64501,1258.400381,1263.459551,9352771
3/17/2021,1264.325439,1276.175642,1259.767669,1269.111098,7626744
3/18/2021,1218.838867,1270.478425,1197.326214,1270.478425,10961755
3/19/2021,1225.538818,1235.338025,1201.428258,1212.366907,12767112
3/22/2021,1249.558228,1254.298264,1217.927238,1230.688994,4862758
3/23/2021,1250.241943,1260.907081,1239.348806,1251.062253,7165335
3/24/2021,1234.016235,1249.239143,1227.17958,1237.753585,6134303
3/25/2021,1215.830811,1232.876826,1210.179109,1227.635391,8749994
3/26/2021,1218.018555,1236.705414,1214.190072,1225.766765,4922071
3/30/2021,1262.776123,1276.175926,1217.97321,1227.772418,10546381
3/31/2021,1247.051636,1265.237096,1242.721754,1259.767771,8220987
4/1/2021,1262.68457,1268.518538,1249.740548,1257.944534,5675155
4/5/2021,1285.200195,1298.96464,1264.325583,1267.9718,9479572
4/6/2021,1286.248413,1299.876102,1282.055175,1297.14144,5793571
4/7/2021,1303.704712,1308.034594,1282.192056,1285.519251,5879234
4/8/2021,1312.501221,1323.303115,1295.318447,1303.522435,5654434
4/9/2021,1313.595215,1326.311351,1303.568119,1326.311351,6052712
4/12/2021,1299.648193,1346.866738,1289.848987,1343.630676,20384532
4/13/2021,1273.577759,1308.307946,1253.386814,1306.256949,14855206
4/15/2021,1240.397095,1245.547397,1203.25127,1214.463428,25342491
4/16/2021,1234.016235,1249.603787,1227.498602,1244.271218,10879878
4/19/2021,1242.038086,1257.67115,1214.509085,1221.482496,12508028
4/20/2021,1231.828613,1257.033106,1223.670249,1257.033106,8560766
4/22/2021,1231.600586,1244.088942,1226.176884,1235.657068,6622446
4/23/2021,1215.830811,1229.139477,1213.278415,1224.217063,7316262
4/26/2021,1224.718506,1231.78305,1204.162917,1214.4179,7088606
4/27/2021,1229.230713,1233.332706,1221.619258,1226.951828,3636115
4/28/2021,1236.067261,1239.2577,1225.675523,1237.890369,4879234
4/29/2021,1236.386353,1247.917534,1231.874204,1247.00598,5412357
4/30/2021,1234.56311,1252.384035,1226.860524,1227.225168,8354677
5/3/2021,1232.466797,1240.625162,1219.659417,1222.211813,4560337
5/4/2021,1211.819946,1235.110085,1206.988665,1234.244153,4887060
5/5/2021,1222.849731,1225.037483,1210.361486,1222.485088,3939788
5/6/2021,1241.171997,1243.997792,1219.112433,1226.040222,4810090
5/7/2021,1232.922607,1251.609467,1229.230769,1244.544923,4991435
5/10/2021,1221.072266,1233.24149,1216.970272,1230.461206,7195348
5/11/2021,1212.959473,1222.394035,1207.900303,1218.656686,6420988
5/12/2021,1209.63208,1212.366742,1198.237656,1212.366742,5241898
5/14/2021,1199.969727,1209.495422,1195.320823,1209.495422,4824609
5/17/2021,1211.819946,1216.879004,1203.524827,1203.524827,5017129
5/18/2021,1221.482422,1225.675548,1211.911104,1219.659314,5620150
5/19/2021,1218.747681,1237.388915,1215.329353,1223.305451,4435878
5/20/2021,1220.844482,1229.777646,1216.924755,1229.139603,4490092
5/21/2021,1234.699829,1237.434491,1227.270642,1228.318951,4969733
5/24/2021,1228.820557,1242.448246,1226.131405,1236.6599,4225371
5/25/2021,1241.171997,1247.005965,1234.654363,1237.890425,4099340
5/26/2021,1273.668945,1276.175719,1241.582286,1246.914855,6850024
5/27/2021,1278.226685,1290.988441,1268.609745,1280.00417,15365391
5/28/2021,1280.779053,1288.937417,1272.620577,1285.063312,4261312
5/31/2021,1284.188354,1291.329133,1274.283404,1291.329133,4429904
6/1/2021,1278.153076,1290.868312,1270.275254,1289.946922,4791325
6/2/2021,1270.275269,1282.529697,1257.698263,1272.210166,9272276
6/3/2021,1280.410645,1289.025625,1268.801144,1278.982444,5115645
6/4/2021,1276.724976,1287.09062,1269.35385,1284.37245,4194328
6/7/2021,1280.410645,1282.57589,1269.031492,1281.6545,5154576
6/8/2021,1301.878906,1309.987189,1285.846799,1286.261379,7360630
6/9/2021,1304.044189,1312.981633,1294.185242,1302.293525,5394317
6/10/2021,1312.336792,1316.667283,1307.453376,1312.06033,3496575
6/11/2021,1333.160156,1337.490647,1317.081822,1317.680748,6140828
6/14/2021,1346.888916,1360.894009,1339.195214,1355.365665,7132294
6/15/2021,1358.037598,1359.972495,1347.994418,1348.915808,5403104
6/16/2021,1364.210938,1372.365222,1352.140743,1356.931929,7661710
6/17/2021,1377.755615,1384.527815,1359.143455,1359.143455,7677951
6/18/2021,1385.126709,1396.644093,1370.476574,1390.378591,13533974
6/21/2021,1382.362427,1387.430075,1367.527947,1375.63623,5454052
6/22/2021,1393.004395,1401.849722,1384.020836,1391.023382,6427862
6/23/2021,1384.988525,1405.120891,1380.842267,1405.120891,5529809
6/24/2021,1436.632324,1445.43165,1392.405571,1397.749682,10785137
6/25/2021,1450.453247,1453.954577,1421.705901,1448.426232,9780240
6/28/2021,1448.241821,1455.93541,1437.922179,1449.255328,5019178
6/29/2021,1440.179565,1449.946283,1436.632122,1438.29067,5913567
6/30/2021,1456.534546,1465.932687,1448.472377,1448.472377,6058722
7/1/2021,1437.737915,1452.894745,1436.49406,1452.894745,4814317
7/2/2021,1444.556519,1446.076723,1421.337403,1436.40212,5166064
7/5/2021,1454.82959,1460.404048,1438.336789,1445.80003,4058338
7/6/2021,1439.396484,1462.016671,1434.697414,1449.992477,4089574
7/7/2021,1441.607788,1447.09013,1423.22609,1442.943872,4797120
7/8/2021,1438.060547,1452.111755,1427.234206,1444.74063,3326813
7/9/2021,1440.041504,1446.491239,1429.076932,1433.683886,3436594
7/12/2021,1426.174561,1453.954512,1413.182974,1447.090197,4588982
7/13/2021,1423.502441,1434.052432,1415.532502,1434.052432,4456160
7/14/2021,1452.940918,1458.377145,1417.190916,1431.84105,5657716
7/15/2021,1456.534546,1471.3228,1433.68401,1435.434675,10021355
7/16/2021,1433.177002,1450.867769,1427.786889,1450.038495,6265593
7/19/2021,1420.508057,1430.8277,1416.684375,1423.272229,5669162
7/20/2021,1428.201538,1435.250086,1417.098736,1417.375199,5069939
7/22/2021,1465.195435,1467.637142,1438.65945,1438.65945,7854575
7/23/2021,1465.425781,1472.843021,1460.450361,1463.675229,4179719
7/26/2021,1477.818481,1484.959259,1468.788808,1468.788808,4586710
7/27/2021,1476.574829,1482.794217,1472.29034,1478.832192,5892859
7/28/2021,1479.384766,1481.227547,1460.864837,1478.92407,4686788
7/29/2021,1489.888672,1492.652844,1474.317147,1474.317147,4660873
7/30/2021,1483.899658,1495.78562,1479.891631,1483.438963,6234257
8/2/2021,1503.294922,1506.243327,1491.915658,1499.51713,5553389
8/3/2021,1525.085693,1528.264558,1507.02646,1517.530335,5513668
8/4/2021,1519.603516,1547.844161,1510.205376,1537.893097,6740391
8/5/2021,1523.565552,1535.03682,1517.576513,1519.833875,5420536
8/6/2021,1520.478882,1530.107482,1514.766305,1526.744384,3754855
8/9/2021,1532.549072,1536.372753,1516.977548,1530.429829,5018477
8/10/2021,1545.402466,1547.93629,1530.475982,1536.879602,6846517
8/11/2021,1545.679077,1551.622002,1536.879751,1543.145253,4899639
8/12/2021,1556.781738,1563.139357,1542.408066,1547.15325,5659579
8/13/2021,1577.60498,1587.095349,1558.348006,1563.599888,5612790
8/16/2021,1570.418335,1584.745893,1557.242403,1573.458857,4564109
8/17/2021,1604.740112,1611.420195,1553.971508,1569.957614,9510390
8/18/2021,1597.18457,1617.501279,1591.241646,1593.084427,6686090
8/20/2021,1596.723755,1607.826556,1581.198346,1581.198346,6206972
8/23/2021,1602.068115,1615.336164,1595.848728,1599.303943,6189051
8/24/2021,1585.575195,1618.883492,1578.065838,1612.433757,7602939
8/25/2021,1599.119507,1609.577268,1582.949057,1582.949057,6153253
8/26/2021,1591.886719,1608.748214,1584.792055,1597.691525,5302248
8/27/2021,1574.472412,1591.886606,1571.155316,1589.398896,6698514
8/30/2021,1564.567383,1583.548007,1557.518722,1569.174336,6559667
8/31/2021,1572.307251,1580.185187,1553.326623,1566.502557,12255438
9/1/2021,1545.863159,1575.117312,1541.624785,1575.117312,7801974
9/2/2021,1556.321045,1561.112344,1531.950305,1545.494704,6830050
9/3/2021,1566.963013,1571.846316,1551.990415,1562.724638,5339139
9/6/2021,1594.374268,1595.84847,1565.765045,1571.109156,4876026
9/7/2021,1572.491577,1598.520866,1570.049869,1594.006029,3520341
9/8/2021,1560.144897,1567.147445,1550.654528,1567.147445,4584896
9/9/2021,1558.62439,1561.665024,1549.917293,1553.372508,3331674
9/13/2021,1558.901001,1567.74633,1543.513708,1550.700601,4662374
9/14/2021,1553.602905,1562.632466,1546.646361,1562.632466,4945167
9/15/2021,1576.91394,1580.277039,1557.33439,1560.144676,4062344
9/16/2021,1568.437134,1584.100774,1558.48607,1580.369097,3246568
9/17/2021,1558.348022,1582.949107,1552.036407,1563.599904,7454864
9/20/2021,1555.169067,1573.458648,1546.047278,1552.543127,5660743
9/21/2021,1583.363525,1591.011112,1552.220593,1566.363915,4672222
9/22/2021,1581.935547,1602.20614,1578.388216,1582.027663,4553892
9/23/2021,1605.569336,1607.826698,1585.805439,1595.84862,3826090
9/24/2021,1625.194946,1647.446554,1614.69107,1619.804833,8280446
9/27/2021,1585.851563,1629.940083,1583.041276,1629.709736,5045337
9/28/2021,1554.478149,1575.578018,1543.329345,1575.578018,6557197
9/29/2021,1559.223511,1567.654259,1524.901705,1528.817616,7792548
9/30/2021,1543.513672,1569.128379,1538.814602,1569.128379,6914031
10/1/2021,1534.253784,1546.968909,1530.660338,1534.20767,5733906
10/4/2021,1546.784546,1555.307409,1534.484003,1541.025854,2947154
10/5/2021,1559.730225,1569.08225,1532.272737,1539.643862,4373310
10/6/2021,1541.993408,1574.656663,1538.722426,1568.299044,4271698
10/7/2021,1558.071655,1570.233967,1544.849721,1554.386093,5476108
10/8/2021,1588.339233,1595.387894,1564.889887,1571.20139,4738376
10/11/2021,1558.025391,1594.005739,1532.917497,1549.77899,8840633
10/12/2021,1552.681519,1556.22885,1531.351302,1545.172162,7439300
10/13/2021,1574.840942,1578.941198,1547.982493,1562.632516,7104171
10/14/2021,1580.876099,1643.392435,1564.705647,1616.119293,19655776
10/18/2021,1651.270264,1657.581767,1603.219719,1603.219719,13438109
10/19/2021,1678.912109,1690.291262,1642.194712,1671.402753,10324260
10/20/2021,1660.668335,1702.729839,1653.02086,1685.591996,5876115
10/21/2021,1615.796631,1671.40253,1609.53113,1671.40253,8779629
10/22/2021,1584.607666,1624.59593,1572.813821,1612.341502,7369809
10/25/2021,1573.320801,1593.77563,1554.570409,1586.680966,5905209
10/26/2021,1583.685181,1604.972045,1576.434709,1589.587955,5871709
10/27/2021,1607.156494,1611.990256,1581.314894,1588.704822,5090259
10/28/2021,1583.871094,1603.252321,1572.855874,1598.232694,5329972
10/29/2021,1550.267578,1591.958157,1544.039596,1579.316214,5875091
11/1/2021,1580.292358,1586.938596,1557.936482,1559.330817,3636806
11/2/2021,1578.293701,1586.24134,1567.55728,1575.597965,3471772
11/3/2021,1582.569702,1596.466524,1579.316255,1588.611818,3530713
11/4/2021,1588.332886,1596.048249,1584.893573,1594.189136,483407
11/8/2021,1615.104126,1618.357573,1583.034433,1608.132453,5245903
11/9/2021,1619.751953,1626.723626,1604.414273,1612.547891,4016134
11/10/2021,1617.567505,1627.606645,1600.649511,1604.41426,4780368
11/11/2021,1611.199951,1617.195544,1588.611688,1610.874516,4731349
11/12/2021,1654.796265,1657.259612,1615.615553,1620.216812,5069009
11/15/2021,1661.256958,1673.201737,1650.427602,1656.562652,4354074
11/16/2021,1666.044067,1681.521091,1651.821808,1663.906042,6034233
11/17/2021,1661.5354,1675.06049,1655.260895,1666.276228,4732492
11/18/2021,1654.052734,1663.394708,1635.089761,1656.097713,4326924
11/22/2021,1635.461548,1659.630014,1627.792708,1658.328613,6621839
11/23/2021,1614.546509,1624.167395,1589.541419,1612.873262,8436160
11/24/2021,1576.527588,1617.892846,1569.091137,1617.428068,7333061
11/25/2021,1601.068115,1604.600362,1577.410835,1580.246027,4476260
11/26/2021,1572.484131,1597.303242,1565.373002,1582.616318,4494181
11/29/2021,1576.852905,1591.400485,1551.569018,1571.879801,3942776
11/30/2021,1592.004883,1608.039732,1580.292494,1584.475498,14808963
12/1/2021,1594.096191,1619.194213,1592.330012,1594.189124,5193264
12/2/2021,1625.096924,1627.188426,1590.796271,1594.189175,5559574
12/3/2021,1613.291626,1660.791934,1610.502957,1646.337287,6754012
12/6/2021,1575.877075,1611.804341,1572.344715,1608.132638,3991449
12/7/2021,1591.075195,1603.391817,1574.668503,1581.26833,4202122
12/8/2021,1629.837646,1635.833353,1610.549352,1610.921197,3029169
12/9/2021,1639.226318,1644.757247,1619.287377,1635.089837,2082171
12/10/2021,1635.322144,1639.505147,1623.005521,1636.019311,1823469
12/13/2021,1621.75061,1646.569721,1616.312728,1642.572697,4040584
12/14/2021,1628.72229,1638.807954,1589.866787,1608.969216,4768144
12/15/2021,1612.036865,1624.818267,1599.952631,1622.076121,3053149
12/16/2021,1646.802124,1652.379463,1634.160179,1638.482639,4481031
12/17/2021,1692.582764,1712.242904,1679.476041,1691.792663,18887243
12/20/2021,1672.178955,1700.762813,1661.396124,1674.781645,5773891
12/21/2021,1683.984253,1708.524563,1674.130978,1674.130978,5353584
12/22/2021,1696.161499,1700.298093,1684.6815,1696.440411,4156428
12/23/2021,1726.743774,1730.462,1698.299374,1702.249988,4112933
12/24/2021,1732.228271,1743.615337,1723.397486,1741.012534,3780347
12/27/2021,1734.691772,1742.453546,1715.078154,1728.974978,2647733
12/28/2021,1755.002563,1762.346082,1746.078844,1748.216756,3340933
12/29/2021,1752.725098,1760.393938,1744.219634,1750.819462,3236635
12/30/2021,1759.510742,1775.266791,1742.313949,1751.748969,4584738
12/31/2021,1754.770142,1764.623417,1739.804306,1756.861644,4619420
1/3/2022,1764.716309,1779.217479,1754.7701,1754.7701,3329616
1/4/2022,1765.366943,1772.338616,1745.706804,1764.716186,3921999
1/5/2022,1714.706299,1768.852961,1710.383839,1766.157225,6995719
1/6/2022,1689.747681,1699.229111,1673.201531,1699.229111,6449205
1/7/2022,1686.494141,1706.665468,1679.522468,1687.56304,4834389
1/10/2022,1720.376465,1738.177492,1685.285712,1687.144824,7857560
1/11/2022,1724.884766,1738.2704,1719.818729,1724.327055,5142287
1/12/2022,1745.195679,1755.932101,1728.974964,1737.248039,5362535
1/13/2022,1763.182495,1777.776484,1734.877437,1770.804812,14277630
1/14/2022,1793.439697,1796.832601,1748.495666,1749.425222,7688506
1/17/2022,1802.874512,1816.260146,1794.508505,1801.991479,5262464
1/18/2022,1785.445313,1807.987053,1776.800393,1786.700191,3690315
1/19/2022,1735.52832,1781.030061,1731.624115,1781.030061,5747770
1/20/2022,1695.231934,1717.820199,1687.609617,1714.101974,5533463
1/21/2022,1659.908813,1680.637967,1650.892162,1668.553733,8252758
1/24/2022,1614.453613,1644.059962,1606.273472,1640.667059,7116712
1/25/2022,1600.835693,1617.428254,1580.710773,1604.972174,9137653
1/27/2022,1560.353271,1589.262451,1547.711328,1582.104913,11231734
1/28/2022,1567.417847,1605.855092,1561.189865,1562.584199,10998502
1/31/2022,1613.895752,1626.258897,1594.514524,1596.977871,8788872
2/1/2022,1647.220337,1654.610264,1612.501317,1641.689409,5119935
2/2/2022,1661.210205,1666.508745,1647.173926,1662.976385,4253717
2/3/2022,1616.080322,1653.680833,1611.850795,1653.680833,3832922
2/4/2022,1618.450684,1630.395461,1589.680957,1609.991743,4700077
2/7/2022,1594.189209,1609.991668,1575.969926,1600.88197,4310209
2/8/2022,1596.327148,1603.484687,1576.527553,1589.541342,6053401
2/9/2022,1614.918457,1620.216883,1603.484867,1612.780432,3867244
2/10/2022,1644.942993,1648.940131,1625.561765,1631.975727,4334630
2/11/2022,1600.091919,1622.958984,1592.330146,1617.428169,7551371
2/14/2022,1563.699585,1597.489048,1560.027883,1570.95017,7459637
2/15/2022,1615.801514,1623.702744,1571.36867,1579.316423,4669915
2/16/2022,1611.199951,1631.789532,1605.204245,1615.801209,5350642
2/17/2022,1603.29895,1625.79417,1599.115946,1621.146388,3937950
2/18/2022,1586.706055,1601.1607,1583.499131,1589.541247,5602215
2/21/2022,1608.783203,1614.918366,1572.344638,1581.175424,5120890
2/22/2022,1612.176147,1627.653284,1571.926423,1580.152974,8878515
2/23/2022,1620.077393,1634.392584,1611.29313,1626.723744,5478811
2/24/2022,1559.935059,1594.142665,1552.82393,1571.043212,13592379
2/25/2022,1575.226074,1606.412733,1558.865906,1594.189045,9737281
2/28/2022,1594.746826,1606.319871,1547.711298,1563.699622,15076542
3/2/2022,1582.848633,1593.631464,1571.879822,1589.541393,6771489
3/3/2022,1599.626953,1611.757708,1585.40481,1599.022719,7344147
3/4/2022,1601.904663,1613.709985,1562.58438,1575.830559,9074499
3/7/2022,1617.288696,1627.653273,1576.52767,1577.457227,9742588
3/8/2022,1652.937012,1673.201385,1597.396021,1597.396021,10984500
3/9/2022,1685.610962,1702.575365,1664.8354,1664.8354,10193515
3/10/2022,1697.277222,1714.799339,1682.683117,1714.799339,6547182
3/11/2022,1693.651611,1702.389463,1683.426492,1686.215161,4758657
3/14/2022,1757.512329,1761.509467,1702.529156,1702.529156,10289724
3/15/2022,1709.733154,1755.327828,1701.088234,1755.327828,7140443
3/16/2022,1756.303955,1760.533369,1718.749852,1733.622755,5233979
3/17/2022,1723.9552,1787.81579,1703.923329,1787.81579,17731459
3/21/2022,1722.514648,1753.980112,1711.406381,1729.904577,8362085
3/22/2022,1754.444702,1756.861526,1709.454151,1719.679271,5709382
3/23/2022,1740.501343,1766.157075,1726.186152,1763.368406,6192824
3/24/2022,1753.794067,1761.137586,1725.396187,1725.396187,3784303
3/25/2022,1744.359131,1760.579845,1727.115814,1758.720732,3438588
3/28/2022,1741.895874,1748.402769,1722.142799,1734.552355,4008555
3/29/2022,1753.143311,1756.303825,1729.486146,1741.895701,3917785
3/30/2022,1769.828857,1783.818727,1761.509373,1775.452719,7795839
3/31/2022,1772.524536,1778.24133,1760.765625,1766.157098,5399145
4/1/2022,1769.457153,1775.731659,1745.985854,1753.933493,6171518
4/4/2022,1750.308105,1759.650192,1741.059065,1756.629134,7364074
4/5/2022,1729.997437,1756.489795,1726.325734,1751.098435,5472024
4/6/2022,1700.019287,1726.651102,1693.791304,1724.327211,5407453
4/7/2022,1683.426636,1699.368551,1680.219712,1692.768723,5797544
4/8/2022,1686.772949,1708.524591,1680.6379,1694.581245,5131446
4/11/2022,1642.10791,1686.215316,1638.389685,1686.215316,8248407
4/12/2022,1619.705566,1633.695436,1606.041132,1633.695436,6456184
4/13/2022,1625.375854,1633.695339,1609.991651,1631.324925,6257693
4/18/2022,1507.182861,1533.768153,1477.994766,1492.402891,30523965
4/19/2022,1451.967041,1521.358446,1440.812365,1521.358446,17044923
4/20/2022,1475.856567,1483.850843,1452.896571,1464.051247,10678747
4/21/2022,1504.765747,1512.573929,1477.297314,1482.642262,7766514
4/22/2022,1473.765015,1497.236312,1470.929936,1491.333652,8134245
4/25/2022,1451.130371,1462.006248,1444.623477,1462.006248,7000570
4/26/2022,1469.628662,1479.853782,1456.196618,1466.096302,5345435
4/27/2022,1443.415039,1461.959641,1441.137558,1461.959641,8819356
4/28/2022,1471.115967,1488.963518,1447.7376,1459.403579,9245177
4/29/2022,1457.126221,1484.780524,1450.851715,1477.994717,9831395
5/2/2022,1432.446289,1443.368576,1423.150726,1441.648919,7072627
5/4/2022,1427.380371,1459.403544,1422.360744,1438.256136,6220959
5/5/2022,1473.486206,1477.43682,1447.737428,1450.154365,6144870
5/6/2022,1434.166016,1451.827587,1426.915544,1440.812366,6171472
5/9/2022,1459.728882,1475.020153,1414.924308,1431.516868,6832202
5/10/2022,1443.601074,1458.613433,1437.140703,1448.248856,6212545
5/11/2022,1419.200317,1440.765982,1405.117514,1440.765982,7846080
5/12/2022,1402.514771,1419.89743,1398.331767,1407.348418,7034979
5/13/2022,1398.424561,1421.524013,1392.56831,1412.274973,6723761
5/16/2022,1384.202515,1405.349924,1374.488695,1403.630268,6145331
5/17/2022,1411.484741,1417.57338,1376.57997,1389.593758,6516378
5/18/2022,1402.886475,1440.533509,1399.261295,1414.784842,6594126
5/19/2022,1326.616455,1380.112358,1317.785669,1376.673045,16561140
5/20/2022,1352.644043,1363.426875,1344.789223,1350.645474,10488908
5/23/2022,1364.960693,1383.179977,1347.903355,1352.597547,5887569
5/24/2022,1339.490723,1366.029602,1334.145774,1365.146456,5693167
5/25/2022,1311.092651,1340.884976,1300.681666,1333.913304,9630092
5/26/2022,1323.641724,1329.265585,1307.932312,1318.110909,13040065
5/27/2022,1358.407104,1363.65912,1336.144276,1342.232802,8284860
5/30/2022,1419.246826,1422.221361,1380.391321,1382.250434,10904213
5/31/2022,1412.483032,1426.010427,1397.969336,1419.152755,16033857
6/1/2022,1388.951172,1422.957437,1382.891968,1421.313485,8738508
6/2/2022,1416.616455,1422.111927,1386.179845,1394.070835,7205840
6/3/2022,1429.486084,1460.768175,1426.010347,1432.492235,9395707
6/6/2022,1437.3302,1443.483206,1402.525356,1424.131573,6624883
6/7/2022,1415.395264,1427.748408,1411.543743,1427.748408,4904592
6/8/2022,1409.101196,1428.077047,1401.58599,1428.077047,4697608
6/9/2022,1423.192139,1425.023924,1391.722213,1395.010116,4361061
6/10/2022,1387.307129,1403.417761,1384.300978,1396.043487,6516436
6/13/2022,1338.176514,1356.119047,1326.152137,1356.119047,6987685
6/14/2022,1353.253906,1361.09788,1318.120292,1324.555165,6090247
6/15/2022,1336.015747,1358.749315,1332.868777,1352.924961,4651958
6/16/2022,1312.53064,1356.259789,1307.645802,1350.858235,6641772
6/17/2022,1303.230591,1312.295716,1284.301644,1306.753343,9692047
6/20/2022,1328.453491,1336.156531,1298.251736,1305.813958,4595194
6/21/2022,1362.037231,1367.767553,1336.532477,1337.706728,6270787
6/22/2022,1350.153687,1371.14927,1348.040035,1349.026452,6253366
6/23/2022,1364.432617,1369.646337,1346.161318,1352.549289,6254281
6/24/2022,1353.770386,1378.570588,1342.309743,1369.646281,6114340
6/27/2022,1385.240356,1394.070747,1376.363065,1379.08735,4511097
6/28/2022,1390.453979,1398.063102,1364.949227,1379.979639,4412178
6/29/2022,1374.578369,1387.495132,1368.707114,1375.940455,5060038
6/30/2022,1373.310059,1392.191992,1366.82817,1376.269194,9165177
7/1/2022,1389.749512,1395.010133,1354.944668,1365.888709,4651635
7/4/2022,1397.828491,1401.820945,1373.404069,1390.548134,4800224
7/5/2022,1386.508667,1418.448297,1382.798079,1407.974069,7379669
7/6/2022,1401.257202,1409.101176,1380.919152,1392.379796,5209162
7/7/2022,1407.880005,1422.205868,1405.061802,1411.96649,3323472
7/8/2022,1422.675537,1425.024039,1409.054225,1423.192253,3652582
7/11/2022,1383.878296,1409.007267,1377.537341,1404.40418,4702638
7/12/2022,1351.421997,1379.604022,1348.979578,1373.216165,4710356
7/13/2022,1356.917358,1371.525086,1351.421887,1362.131078,5264025
7/14/2022,1342.262695,1364.90223,1328.312618,1363.070444,6157606
7/15/2022,1343.671875,1358.37352,1325.165726,1358.37352,5620018
7/18/2022,1399.613281,1403.089018,1360.299381,1362.131166,5835171
7/19/2022,1394.21167,1396.748006,1381.013043,1382.375243,3418540
7/20/2022,1423.473877,1433.337584,1409.101001,1410.275252,5079392
7/21/2022,1440.007446,1442.402849,1412.013258,1425.070951,5008061
7/22/2022,1415.019531,1446.677294,1401.726986,1441.040889,7020642
7/25/2022,1412.483032,1425.211959,1390.407113,1390.407113,7859626
7/26/2022,1363.211426,1405.95416,1357.434088,1405.95416,7268273
7/27/2022,1381.90564,1383.737425,1357.434202,1363.070607,4517285
7/28/2022,1425.446777,1432.069484,1399.56624,1405.719361,6636841
7/29/2022,1455.789307,1461.425711,1435.404356,1439.913526,7009465
8/1/2022,1457.057617,1469.222811,1444.704474,1469.222811,2983249
8/2/2022,1450.05896,1453.252945,1435.733099,1452.830261,4374635
8/3/2022,1471.195557,1474.859243,1446.583302,1455.131826,6011955
8/4/2022,1502.947266,1506.657853,1479.509148,1491.298674,7402209
8/5/2022,1518.682373,1527.183882,1505.201994,1510.932316,5361971
8/8/2022,1521.265625,1523.708044,1499.283624,1519.01104,3763409
8/10/2022,1505.342896,1522.956662,1491.862516,1522.956662,4423829
8/11/2022,1521.782227,1532.491418,1518.071639,1531.22325,3462090
8/12/2022,1497.498779,1516.192878,1493.788192,1515.535343,3562286
8/16/2022,1499.706421,1511.495947,1494.680649,1511.495947,3004430
8/17/2022,1508.912598,1514.314152,1488.95033,1499.706424,4067324
8/18/2022,1487.024536,1501.350399,1478.616944,1497.498879,4635706
8/19/2022,1500.317017,1507.644389,1489.044207,1489.232156,4739884
8/22/2022,1480.166992,1502.101979,1478.616958,1489.889768,3950555
8/23/2022,1448.931763,1460.298489,1440.101373,1454.192384,5551574
8/24/2022,1444.328735,1452.313642,1438.22263,1441.980233,2888426
8/25/2022,1426.151245,1454.849869,1422.017859,1454.192334,4331088
8/26/2022,1429.345337,1451.327224,1425.493702,1442.121165,3079136
8/29/2022,1373.169189,1379.557161,1362.131229,1379.557161,8079050
8/30/2022,1402.478394,1405.437529,1377.161588,1383.83131,6725875
9/1/2022,1375.470581,1379.134267,1363.117552,1371.57216,8140604
9/2/2022,1364.949341,1388.43436,1360.252337,1388.43436,5175653
9/5/2022,1372.746338,1378.100876,1358.702228,1363.070464,3669352
9/6/2022,1366.922119,1380.919214,1357.856878,1372.746473,3428442
9/7/2022,1369.317627,1376.926751,1350.905394,1352.73718,3600574
9/8/2022,1386.46167,1391.346508,1374.906994,1385.616186,4061475
9/9/2022,1420.045166,1427.889139,1390.313109,1397.828315,4816910
9/12/2022,1443.107544,1452.219801,1428.96963,1433.337867,5494819
9/13/2022,1451.327148,1458.88937,1447.898427,1457.856052,4947158
9/14/2022,1385.991943,1408.114763,1382.797958,1406.282977,14332197
9/15/2022,1345.973511,1385.804013,1342.450758,1385.616179,12784100
9/16/2022,1293.601929,1338.646152,1285.429073,1338.646152,20464045
9/19/2022,1306.048828,1320.797373,1296.936573,1307.645763,6595241
9/20/2022,1304.404907,1327.889925,1301.163906,1322.629189,7219797
9/21/2022,1293.789795,1304.63992,1285.47612,1296.27923,7917054
9/22/2022,1285.053223,1300.083635,1277.585032,1283.550204,9168498
9/23/2022,1282.704712,1310.276216,1279.463825,1284.630529,10426200
9/26/2022,1296.60791,1314.644359,1272.888041,1277.585045,9414587
9/27/2022,1309.101929,1321.267122,1294.494202,1309.007897,8561254
9/28/2022,1310.182251,1320.656593,1293.554903,1295.433704,7022098
9/29/2022,1313.892944,1324.414187,1308.585307,1319.764199,6119965
9/30/2022,1327.796021,1333.291607,1292.615506,1304.780701,8120130
10/3/2022,1309.290039,1326.434106,1302.009682,1326.434106,4943169
10/4/2022,1342.779541,1345.45681,1328.312746,1333.667284,6631341
10/6/2022,1366.969116,1371.337353,1356.588691,1357.434175,6180672
10/7/2022,1363.258545,1369.505584,1352.878234,1358.702473,3994466
10/10/2022,1374.014648,1376.222217,1339.914352,1339.914352,5274677
10/11/2022,1337.518921,1389.984433,1334.043069,1374.014619,12824774
10/12/2022,1342.121826,1353.770419,1327.889996,1349.918898,5481467
10/13/2022,1333.855103,1350.811217,1329.252016,1344.282428,4821514
10/14/2022,1384.911499,1403.464663,1378.335694,1395.010057,14990688
10/17/2022,1399.660034,1404.404054,1386.08574,1387.400924,4286396
10/18/2022,1412.577026,1419.387683,1406.517937,1418.495298,4692004
10/19/2022,1395.432861,1413.751177,1391.53444,1412.858792,3553171
10/20/2022,1409.946777,1412.858897,1384.864706,1385.616272,4583939
10/21/2022,1409.570679,1414.737382,1400.97514,1409.382844,3594485
10/24/2022,1425.869385,1429.580086,1419.434513,1426.480018,982837
10/25/2022,1433.807373,1440.007395,1428.875519,1435.498226,3914341
10/27/2022,1447.245117,1457.644041,1436.371475,1453.75043,6760137
10/28/2022,1437.08374,1451.0438,1431.148321,1449.191996,3053981
10/31/2022,1460.255615,1468.565202,1453.228056,1453.228056,4542336
11/1/2022,1493.826416,1495.72575,1469.230014,1474.880603,4542692
11/2/2022,1475.11792,1493.588898,1467.235637,1492.876648,2938906
11/3/2022,1453.703003,1466.191149,1445.061055,1461.30034,3174027
11/4/2022,1437.795898,1443.921204,1425.5927,1443.921204,4509682
11/7/2022,1431.575562,1450.996322,1416.048528,1444.823487,4898592
11/9/2022,1435.136841,1452.040961,1425.545227,1452.040961,3334755
11/10/2022,1426.352539,1435.89674,1410.255727,1410.255727,3435763
11/11/2022,1491.072388,1494.301279,1468.802739,1468.802739,7214098
11/14/2022,1505.507324,1511.30027,1489.505341,1495.86818,4908813
11/15/2022,1513.769409,1517.425604,1493.588983,1498.432262,3497614
11/16/2022,1522.126465,1528.014354,1513.294514,1516.760823,4497697
11/17/2022,1507.501587,1522.126484,1503.275499,1516.808255,3469515
11/18/2022,1513.199585,1517.56803,1496.200521,1511.585081,3126064
11/21/2022,1489.267944,1507.928927,1485.326918,1502.468341,3071764
11/22/2022,1505.269775,1508.071247,1483.379904,1490.027573,3399329
11/23/2022,1503.465576,1511.870107,1499.809381,1508.926162,3245067
11/24/2022,1547.767456,1553.655346,1504.984908,1509.020993,5282215
11/25/2022,1553.32312,1561.252818,1532.572916,1549.287035,4563255
11/28/2022,1541.689697,1570.274656,1538.460806,1546.058143,3825766
11/29/2022,1547.055176,1556.2669,1533.759837,1539.600197,3131710
11/30/2022,1552.658203,1562.914654,1531.95553,1538.413196,11868134
12/1/2022,1573.693237,1588.413077,1569.134905,1572.838514,5407928
12/2/2022,1555.459717,1578.156783,1551.708462,1572.648668,4283343
12/5/2022,1557.216553,1562.059832,1541.594576,1555.554635,3824966
12/6/2022,1531.71814,1544.158756,1526.637444,1543.209089,4822398
12/7/2022,1524.690552,1542.069506,1516.333435,1527.06472,4898087
12/8/2022,1538.603271,1542.164523,1518.042954,1524.690624,4206837
12/9/2022,1490.312622,1546.058034,1482.525282,1546.058034,8880658
12/12/2022,1469.324829,1487.131086,1453.038132,1471.983943,8037679
12/13/2022,1493.019043,1498.099738,1463.579365,1469.324781,6135067
12/14/2022,1499.904175,1508.546122,1493.826282,1502.373286,4976020
12/15/2022,1462.96228,1490.977462,1457.976528,1490.312741,6443866
12/16/2022,1445.583252,1471.509211,1435.944223,1448.242366,9630453
12/19/2022,1431.480591,1440.549957,1419.799756,1432.050368,6222740
12/20/2022,1431.43335,1439.695407,1407.834028,1425.4504,7396259
12/21/2022,1433.569946,1444.443588,1426.732274,1438.745585,6236361
12/22/2022,1445.440918,1452.943196,1435.6593,1444.918555,6302640
12/23/2022,1421.746582,1433.902367,1417.85297,1432.762697,6283822
12/26/2022,1426.779907,1433.902411,1421.034375,1424.975517,4115459
12/27/2022,1438.603149,1444.870929,1422.126449,1433.949758,4860076
12/28/2022,1434.139771,1448.194774,1423.076126,1429.343905,5029860
12/29/2022,1441.167358,1444.72861,1425.450321,1428.299323,4624745
12/30/2022,1432.287842,1453.370521,1428.346816,1451.091296,5060544
1/2/2023,1447.292725,1449.666892,1428.346911,1437.796053,3801140
1/3/2023,1445.915771,1455.507387,1438.840682,1443.351601,4551130
1/4/2023,1419.5625,1444.443733,1416.048662,1444.443733,7059590
1/5/2023,1400.948853,1430.103702,1395.29838,1430.103702,9868404
1/6/2023,1375.592773,1400.758951,1373.693439,1396.010616,6443714
1/9/2023,1409.733276,1414.386668,1375.307844,1375.307844,11498717
1/10/2023,1395.773193,1409.211006,1380.863467,1407.406615,7158624
1/11/2023,1397.197632,1418.802557,1390.312546,1396.010548,6173092
1/12/2023,1406.077148,1410.255707,1381.765693,1407.359176,6591385
1/13/2023,1427.966919,1442.924175,1394.111265,1408.831104,11610426
1/16/2023,1448.717163,1451.091331,1426.684933,1433.997323,6073063
1/17/2023,1462.012451,1464.576506,1447.292612,1450.141613,5922644
1/18/2023,1467.615601,1473.740907,1462.107485,1466.998294,5843098
1/19/2023,1461.442749,1471.556727,1449.334493,1462.392416,6165284
1/20/2023,1448.764648,1467.235627,1447.292618,1460.587957,6496429
1/23/2023,1470.084839,1475.118121,1451.186438,1457.739165,4855020
1/24/2023,1473.788452,1489.83785,1471.746645,1481.480733,5200802
1/25/2023,1465.336304,1477.681976,1461.300219,1469.134972,4158617
1/27/2023,1442.686768,1472.886111,1431.528179,1468.185305,6209955
1/30/2023,1461.3479,1466.286123,1443.494111,1451.851229,6964719
1/31/2023,1456.552002,1470.939483,1436.846408,1470.939483,9448126
2/1/2023,1473.028687,1476.779941,1451.138928,1464.576626,6194199
2/2/2023,1504.0354,1507.074289,1473.883467,1473.883467,6916834
2/3/2023,1518.897583,1523.883335,1493.826348,1517.093192,7040194
2/6/2023,1490.834839,1517.56799,1483.000085,1517.56799,4570612
2/7/2023,1483.759888,1496.722867,1476.827272,1490.027667,4336238
2/8/2023,1510.445435,1522.316273,1486.703758,1486.703758,7983338
2/9/2023,1535.611816,1538.223401,1506.219664,1515.858693,6904911
2/10/2023,1527.587036,1534.946956,1516.095972,1531.765479,4786762
2/13/2023,1488.555786,1516.618498,1487.178815,1516.618498,4001199
2/14/2023,1513.057007,1515.668591,1498.717058,1504.937307,5043736
2/15/2023,1516.665894,1518.517698,1496.675355,1504.272691,3465747
2/16/2023,1521.176758,1533.189953,1517.425503,1519.467311,4290289
2/17/2023,1504.082764,1514.718989,1496.200481,1513.769321,2857734
2/20/2023,1512.297241,1522.316275,1502.8481,1505.174738,2417716
2/21/2023,1499.999146,1521.034294,1496.675311,1518.232707,2723288
2/22/2023,1483.190063,1495.725622,1477.017228,1484.329618,3656244
2/23/2023,1472.648682,1490.834829,1470.2271,1490.834829,4766854
2/24/2023,1472.601318,1490.027687,1467.235676,1481.480683,2790986
2/27/2023,1433.332642,1462.487376,1426.400025,1462.487376,4920268
2/28/2023,1412.677246,1447.292563,1406.741827,1439.315337,9679811
3/1/2023,1420.74939,1425.307722,1406.931688,1417.283082,5125043
3/2/2023,1398.05249,1413.674468,1393.446628,1410.25569,4644499
3/3/2023,1404.842529,1414.814033,1398.85958,1411.917503,4615015
3/6/2023,1431.575562,1443.873819,1417.995392,1419.324949,6561742
3/8/2023,1417.568115,1420.702063,1406.551999,1415.526424,4137080
3/9/2023,1405.887207,1422.933685,1400.379091,1419.752324,5104656
3/10/2023,1397.482788,1400.094373,1384.282391,1386.514086,3699580
3/13/2023,1362.867188,1403.892874,1356.124574,1390.502476,8798403
3/14/2023,1348.527344,1375.450384,1339.980339,1368.470354,7402784
3/15/2023,1348.194946,1370.227177,1345.535832,1365.621315,7556182
3/16/2023,1333.42749,1346.437998,1328.299265,1346.437998,7323117
3/17/2023,1349.192017,1370.274696,1340.360182,1358.023967,9090018
3/20/2023,1333.000244,1348.242331,1315.146456,1348.242331,8221829
3/21/2023,1320.702026,1334.282313,1320.037306,1328.58431,8536755
3/22/2023,1319.325073,1336.419082,1312.58246,1332.382996,8356487
3/23/2023,1305.36499,1314.291768,1301.043958,1314.291768,7607718
3/24/2023,1311.157959,1328.536798,1308.166484,1318.137989,7559127
3/27/2023,1319.040039,1325.497822,1304.937506,1316.475984,4170193
3/28/2023,1308.261353,1327.634584,1306.599435,1322.031525,6633366
3/29/2023,1313.912109,1319.942473,1295.868432,1309.591077,8813966
3/31/2023,1356.077148,1357.976483,1323.741052,1333.332667,8711975
4/3/2023,1339.837891,1362.772376,1334.424834,1362.772376,5242764
4/5/2023,1351.89856,1355.649698,1329.533854,1329.533854,7506334
4/6/2023,1350.331665,1356.504501,1339.362964,1344.728606,6948465
4/10/2023,1355.744873,1361.822766,1343.779089,1352.278565,4993788
4/11/2023,1335.37439,1361.205288,1319.087576,1356.979316,6942255
4/12/2023,1356.409546,1359.448434,1329.533921,1341.927123,5831169
4/13/2023,1319.277466,1340.027784,1313.389576,1338.793171,11267238
4/17/2023,1194.966187,1197.672715,1125.640487,1187.36885,53171705
4/18/2023,1195.963257,1206.029705,1190.027837,1206.029705,12430884
4/19/2023,1170.17981,1191.21496,1167.520811,1191.21496,11307230
4/20/2023,1161.822876,1175.545521,1159.923542,1168.755377,8621249
4/21/2023,1165.573975,1171.177034,1158.593944,1166.286225,8691352
4/24/2023,1164.576904,1168.090626,1156.69462,1166.191292,8313774
4/25/2023,1163.247314,1173.313763,1153.845586,1164.244395,6808576
4/26/2023,1165.763916,1170.939555,1159.116246,1166.19122,5680192
4/27/2023,1183.522705,1184.994736,1163.722168,1168.090614,8020704
4/28/2023,1189.695435,1195.630854,1182.287985,1192.496906,10118277
5/2/2023,1213.1521,1215.33638,1191.404817,1191.404817,8886401
5/3/2023,1205.27002,1208.451381,1198.57482,1202.278545,5549783
5/4/2023,1209.448608,1211.585359,1198.95474,1205.080047,4505401
5/5/2023,1195.725708,1214.624105,1191.119846,1214.624105,5373791
5/8/2023,1201.898682,1206.362187,1192.02212,1198.907207,5260842
5/9/2023,1206.742065,1207.976679,1197.245393,1202.278676,4969897
5/10/2023,1199.666992,1212.155138,1195.77338,1212.155138,6515734
5/11/2023,1192.876831,1211.680286,1189.980416,1206.314644,6888461
5/12/2023,1182.525513,1192.781964,1176.685152,1190.265323,8292212
5/15/2023,1195.01355,1205.032584,1182.952824,1186.988909,5534710
5/16/2023,1200.664185,1209.82838,1199.192154,1201.328905,5236469
5/17/2023,1184.139893,1197.482645,1179.913805,1197.150285,10465667
5/18/2023,1183.285156,1196.248135,1179.913792,1195.250938,6948732
5/19/2023,1205.032471,1209.211029,1189.742855,1192.829273,11094136
5/22/2023,1227.729736,1230.388735,1206.314696,1208.878751,7625947
5/23/2023,1234.614746,1248.005029,1231.765745,1233.807436,7436031
5/24/2023,1233.285156,1239.315519,1226.305127,1231.053462,4824077
5/25/2023,1238.698242,1241.214883,1224.358292,1229.344045,4334121
5/26/2023,1251.138916,1256.836919,1240.265274,1240.265274,5521606
5/29/2023,1248.242432,1265.62127,1243.9214,1265.62127,4419365
5/30/2023,1257.216797,1259.638494,1243.256737,1248.812266,6274719
5/31/2023,1251.946167,1264.101836,1248.005025,1253.418081,17800782
6/1/2023,1253.085815,1262.582487,1251.756258,1255.982347,4277841
6/2/2023,1250.198486,1263.576307,1247.35936,1259.822801,10909311
6/5/2023,1255.491943,1260.255932,1248.562483,1255.010728,5002553
6/6/2023,1230.949951,1240.189271,1225.175362,1240.189271,10008100
6/7/2023,1240.526001,1245.386327,1234.318365,1242.017817,5397578
6/8/2023,1234.607178,1243.461501,1232.970974,1237.879351,5034942
6/9/2023,1218.390015,1234.318302,1216.51332,1234.318302,5339073
6/12/2023,1243.413208,1247.022326,1225.17518,1225.656396,4785588
6/13/2023,1255.828735,1257.416771,1248.32184,1251.064746,4846587
6/14/2023,1251.545898,1257.609146,1244.616321,1257.272319,3457981
6/15/2023,1238.456909,1245.3382,1234.462795,1245.3382,6161155
6/16/2023,1243.124634,1252.60456,1232.922884,1238.649304,8536287
6/19/2023,1245.386353,1250.679726,1238.697501,1245.386353,4451787
6/20/2023,1254.433228,1255.973094,1242.595273,1245.386348,4009180
6/21/2023,1250.535278,1254.818169,1246.348725,1251.112714,4041529
6/22/2023,1233.404175,1240.959239,1225.656554,1240.959239,6676607
6/23/2023,1217.47583,1231.286698,1215.887795,1228.495624,7239467
6/26/2023,1222.624756,1226.137654,1214.829085,1222.528536,3403244
6/27/2023,1231.094116,1233.837022,1226.33001,1231.912159,3240024
6/28/2023,1244.760742,1247.984864,1233.259733,1241.53662,5662358
6/30/2023,1285.327271,1288.599561,1255.443725,1259.052844,12821692
7/3/2023,1283.594727,1295.43268,1278.541962,1280.033777,7732412
7/4/2023,1294.614746,1295.432789,1281.381313,1293.796703,5797775
7/5/2023,1296.68396,1306.933761,1290.620595,1306.837541,5414936
7/6/2023,1293.411621,1296.828182,1286.915209,1292.112362,5963897
7/7/2023,1280.226318,1295.240344,1275.558549,1283.883605,6295647
7/10/2023,1279.21582,1291.486822,1269.735894,1286.337837,3940315
7/11/2023,1297.935059,1300.148698,1277.146562,1283.354198,6126128
7/12/2023,1283.209839,1301.111039,1277.146474,1300.244828,8102770
7/13/2023,1313.815186,1325.075704,1280.851907,1284.749802,9977644
7/14/2023,1372.37915,1376.277045,1328.781074,1328.781074,12833381
7/17/2023,1369.491699,1404.139229,1361.166762,1372.378993,11569884
7/18/2023,1419.778931,1422.425617,1375.314641,1380.126799,16743977
7/19/2023,1419.538208,1442.492292,1405.82356,1430.173122,13687062
7/20/2023,1395.044434,1415.73671,1386.57499,1415.73671,8347221
7/21/2023,1281.57373,1299.282493,1255.973077,1270.601988,45548305
7/24/2023,1286.385864,1299.18625,1284.124174,1290.620586,8859789
7/25/2023,1284.46106,1292.401119,1274.499917,1286.770919,6801982
7/26/2023,1298.175537,1299.282357,1289.080608,1292.545337,5528885
7/27/2023,1302.314209,1312.564128,1296.4434,1307.559414,9191861
7/28/2023,1290.139404,1312.612156,1285.808463,1302.987841,6122735
7/31/2023,1304.768311,1306.500734,1283.161771,1298.079459,7902180
8/1/2023,1313.911499,1317.568786,1306.019607,1310.831765,6064652
8/2/2023,1305.875122,1320.407814,1297.790674,1317.857464,7419145
8/3/2023,1313.045288,1315.210759,1298.32004,1299.282471,6503741
8/4/2023,1326.567383,1333.833787,1310.831652,1317.472452,5712345
8/7/2023,1340.667114,1342.591977,1325.26821,1335.758737,3729093
8/8/2023,1337.972168,1341.196407,1332.390136,1340.522635,4161877
8/9/2023,1342.014404,1343.554271,1330.561447,1332.005094,4090828
8/10/2023,1336.913452,1343.361813,1333.544942,1339.319531,3873025
8/11/2023,1320.311646,1344.372433,1315.692045,1339.704664,5783517
8/14/2023,1341.196533,1342.592012,1314.296501,1320.311698,4304135
8/16/2023,1365.209106,1366.604585,1352.601277,1357.798431,7735313
8/17/2023,1358.520264,1366.652763,1353.178722,1366.652763,5618346
8/18/2023,1336.624878,1355.77717,1334.074411,1350.965013,5134103
8/21/2023,1352.601318,1354.141185,1335.036943,1337.539241,3032722
8/22/2023,1351.013184,1353.226823,1344.179944,1351.927447,2890714
8/23/2023,1355.05542,1363.380476,1352.841898,1362.803041,2559125
8/24/2023,1370.117432,1371.513028,1361.31116,1368.096349,5171963
8/25/2023,1366.748901,1369.05876,1358.375795,1359.915661,4307172
8/28/2023,1362.466187,1371.272458,1358.375853,1366.74896,3133464
8/29/2023,1364.390991,1370.887404,1362.129301,1370.502408,3074444
8/30/2023,1381.233521,1382.677168,1370.502386,1373.389681,3070887
8/31/2023,1381.522095,1390.617142,1374.977632,1381.233436,9792735
9/1/2023,1389.606567,1391.675818,1374.544492,1377.191179,3582133
9/4/2023,1410.05835,1414.774287,1380.800409,1388.788637,4609014
9/5/2023,1423.339966,1424.446786,1401.781477,1409.962145,5496840
9/6/2023,1421.944336,1427.189658,1408.326025,1426.227226,5075786
9/7/2023,1411.116943,1418.04652,1407.122947,1415.351665,4411743
9/8/2023,1414.389404,1419.34595,1405.342524,1408.518595,3125838
9/11/2023,1420.982056,1422.52204,1409.481045,1414.389423,4182226
9/12/2023,1444.705811,1447.496885,1421.607456,1426.804609,6793161
9/13/2023,1442.059204,1448.459397,1432.723666,1448.459397,4804686
9/14/2023,1450.336182,1455.725892,1442.829286,1448.459487,6444213
9/15/2023,1454.811401,1461.355982,1452.309103,1460.970986,8657816
9/18/2023,1435.755371,1448.3632,1432.098084,1448.3632,3991916
9/20/2023,1434.26355,1438.931319,1420.74134,1420.74134,4169337
9/21/2023,1445.331421,1448.026276,1420.548811,1430.70251,6779195
9/22/2023,1439.941772,1450.335961,1429.403078,1435.851439,5455613
9/25/2023,1418.768433,1433.87856,1416.266134,1433.87856,4217863
9/26/2023,1405.775513,1424.302318,1404.187477,1423.580494,3996528
9/27/2023,1411.886963,1414.389261,1395.573797,1401.300217,3863586
9/28/2023,1385.371826,1417.27645,1381.089053,1412.75307,5814602
9/29/2023,1381.522095,1392.445785,1362.802851,1378.297973,6068968
10/3/2023,1380.126709,1383.014003,1366.941445,1382.09974,4181867
10/4/2023,1390.087891,1395.477483,1364.920284,1371.464865,4510406
10/5/2023,1408.470337,1420.212072,1395.718119,1397.450543,7384621
10/6/2023,1423.147339,1428.729488,1408.325989,1414.293017,3598672
10/9/2023,1420.019409,1434.985265,1407.267193,1409.865828,3567552
10/10/2023,1438.97937,1440.759845,1413.907984,1428.152017,5688951
10/11/2023,1438.257568,1461.211535,1425.794011,1440.759867,7220129
10/12/2023,1410.443359,1447.881968,1397.450534,1435.851574,11081662
10/13/2023,1377.383789,1383.976421,1347.404026,1352.216183,17973439
10/16/2023,1380.271118,1389.366049,1376.277004,1378.298087,4850745
10/17/2023,1388.259277,1398.749804,1384.024673,1386.141975,3923764
10/18/2023,1386.430664,1399.37532,1384.313244,1387.826143,4264837
10/19/2023,1379.789917,1385.564506,1372.523512,1372.523512,6795691
10/20/2023,1373.630371,1384.457726,1371.705508,1376.277058,3928622
10/23/2023,1355.729126,1378.538705,1352.456835,1372.042293,2636516
10/25/2023,1335.646362,1367.330246,1327.116086,1363.869344,6940777
10/26/2023,1325.3125,1339.497179,1319.12198,1321.023085,6357656
10/27/2023,1345.687744,1350.221001,1329.407149,1329.407149,4634358
10/30/2023,1342.470703,1345.687765,1328.870933,1345.687765,2667696
10/31/2023,1334.03772,1346.467551,1328.773297,1345.297613,3451595
11/1/2023,1320.14563,1342.860466,1317.708408,1338.571051,3090672
11/2/2023,1335.743774,1341.739364,1327.45722,1335.597517,3758060
11/3/2023,1354.169312,1357.045186,1343.153021,1345.395312,3349045
11/6/2023,1368.061523,1371.912287,1355.875413,1358.897545,2736381
11/7/2023,1369.036377,1370.596175,1359.823606,1364.844308,2272209
11/8/2023,1356.07019,1369.718632,1351.634399,1369.718632,3550635
11/9/2023,1340.2771,1362.407027,1335.646378,1360.847228,5498051
11/10/2023,1334.47644,1338.66851,1326.823588,1335.548794,2943649
11/13/2023,1339.058472,1347.734886,1336.426201,1345.200199,3462092
11/15/2023,1375.080566,1378.492677,1358.020013,1363.869346,8551860
11/16/2023,1408.616821,1416.903376,1375.178089,1380.539977,6673907
11/17/2023,1401.451294,1414.563499,1399.014072,1404.863404,4901251
11/20/2023,1400.525146,1415.538457,1397.649272,1405.78957,3584210
11/21/2023,1402.86499,1413.588767,1400.67149,1405.789657,3793135
11/22/2023,1421.192871,1422.313898,1400.135179,1400.135179,3108786
11/23/2023,1412.857544,1431.039243,1411.346419,1431.039243,3186928
11/24/2023,1401.305176,1416.17223,1397.844273,1409.250543,2973195
11/28/2023,1406.471924,1408.714216,1391.21501,1407.739327,3755373
11/29/2023,1422.947632,1424.019986,1413.393793,1414.661077,3875778
11/30/2023,1418.609375,1423.971263,1413.150022,1416.757063,10120867
12/1/2023,1415.830933,1423.240063,1409.835343,1423.240063,3489187
12/4/2023,1427.578247,1434.938704,1412.906244,1423.776157,5511948
12/5/2023,1417.439453,1430.064334,1405.78958,1428.99198,5123039
12/6/2023,1437.278564,1439.910717,1414.6124,1420.169219,5269178
12/7/2023,1429.089355,1435.864784,1425.092336,1435.864784,4424453
12/8/2023,1453.705322,1457.166106,1429.43057,1433.476382,6323433
12/11/2023,1451.121826,1460.383269,1444.78505,1452.584159,3862018
12/12/2023,1438.984497,1452.584147,1430.795408,1440.398038,6103494
12/13/2023,1412.61377,1438.984557,1397.161807,1438.935765,8549258
12/14/2023,1463.746704,1473.05694,1424.653688,1426.652258,12489858
12/15/2023,1538.764404,1548.659549,1482.805767,1484.804337,18395389
12/18/2023,1525.067261,1552.997848,1521.119033,1528.576837,6467243
12/19/2023,1519.169189,1534.426103,1504.497066,1530.672805,4221721
12/20/2023,1497.819214,1543.736454,1491.579902,1525.749802,6592367
12/21/2023,1497.429077,1507.811666,1483.049468,1483.049468,5319038
12/22/2023,1523.653687,1526.675818,1484.755601,1496.405474,6741060
12/26/2023,1505.179443,1509.12779,1484.755572,1496.454237,6878067
12/27/2023,1527.748169,1530.57537,1505.228262,1505.228262,4225849
12/28/2023,1523.410034,1529.551762,1515.952111,1529.551762,5702253
12/29/2023,1504.156006,1520.290345,1501.328804,1502.352485,4388990
1/1/2024,1512.393677,1517.901822,1496.697991,1500.353824,2808451
1/2/2024,1495.869385,1510.248994,1484.755629,1507.178071,5396313
1/3/2024,1452.584229,1481.782099,1450.634451,1481.782099,7550363
1/4/2024,1474.714233,1481.587247,1455.411507,1467.158845,7056038
1/5/2024,1494.065796,1501.036155,1468.426174,1468.913619,8895403
1/8/2024,1484.560669,1497.429153,1475.250434,1490.55614,4440136
1/9/2024,1490.897461,1514.002277,1487.534023,1503.181036,4412074
1/10/2024,1481.733398,1496.892847,1467.207533,1486.656515,4096845
1/11/2024,1456.678711,1486.705332,1449.26958,1486.607867,11296088
1/12/2024,1572.251831,1577.369997,1516.341985,1522.776227,26754401
1/15/2024,1610.61377,1623.141067,1594.918084,1603.643291,13228305
1/16/2024,1590.579712,1607.104028,1584.194143,1603.496987,6500917
1/17/2024,1599.012573,1606.129309,1579.563589,1579.563589,9209876
1/18/2024,1601.352295,1607.591607,1587.362665,1601.401087,6375464
1/19/2024,1617.5354,1623.677247,1602.863396,1610.12627,4522736
1/23/2024,1600.913574,1632.646131,1596.575248,1608.663892,9401255
1/24/2024,1633.328613,1637.813078,1603.691972,1618.217838,8999681
1/25/2024,1627.18689,1638.349438,1616.365648,1630.940188,8865304
1/29/2024,1615.000732,1637.179452,1606.226733,1623.336079,4253785
1/30/2024,1609.97998,1647.561989,1606.860384,1620.703757,4995943
1/31/2024,1619.192749,1625.383269,1596.965238,1606.860383,6763779
2/1/2024,1615.439575,1634.88856,1608.907749,1617.876797,5760011
2/2/2024,1650.827881,1675.346357,1623.189808,1624.213489,7858483
2/5/2024,1644.832275,1658.042066,1639.616644,1652.192733,3634135
2/6/2024,1686.021362,1689.482265,1631.915035,1644.393659,7694265
2/7/2024,1651.217773,1685.582601,1644.491017,1685.582601,4613877
2/8/2024,1649.609253,1663.501418,1640.542859,1655.36112,5919715
2/9/2024,1627.430542,1650.38922,1618.120426,1642.395061,4600004
2/12/2024,1637.910645,1650.437942,1628.405479,1628.405479,3555808
2/13/2024,1642.248901,1646.684574,1621.727445,1640.737776,2696481
2/14/2024,1624.359619,1627.528008,1594.430582,1618.510287,3768579
2/15/2024,1634.254761,1645.368516,1619.875151,1634.888462,4834391
2/16/2024,1658.919434,1666.084842,1645.563387,1646.587067,4880654
2/19/2024,1657.067261,1668.522204,1645.319803,1662.185427,3690993
2/20/2024,1642.931274,1651.705273,1626.84561,1642.687552,3706389
2/21/2024,1613.977173,1631.963823,1603.984563,1631.963823,4300508
2/22/2024,1639.12915,1642.297539,1603.107059,1623.189743,5841277
2/23/2024,1634.742188,1655.799761,1629.916536,1654.38622,5373072
2/26/2024,1618.46167,1632.889953,1603.692081,1632.889953,2782438
2/27/2024,1621.824951,1629.136617,1611.296224,1619.290264,5159088
2/28/2024,1629.282837,1645.417293,1620.313908,1628.064226,3188916
2/29/2024,1631.866333,1640.00663,1611.783648,1623.189799,7814722
3/1/2024,1613.148315,1629.965146,1609.541275,1627.089272,6387291
3/4/2024,1596.087891,1622.65361,1592.627107,1616.219368,4445156
3/5/2024,1566.158813,1596.234108,1561.771814,1592.968255,4596579
3/6/2024,1576.931274,1579.465961,1536.424601,1562.551666,6420684
3/7/2024,1575.858887,1587.557552,1563.916499,1576.005144,6348359
3/11/2024,1560.406982,1573.275586,1548.123407,1567.76744,6752895
3/12/2024,1572.446777,1584.194235,1557.531051,1559.822016,4614222
3/13/2024,1570.935791,1583.70681,1558.408494,1572.398124,5688997
3/14/2024,1611.783691,1616.121899,1567.621181,1573.860494,8803799
3/15/2024,1592.968262,1604.471997,1577.711229,1599.889948,11809997
3/18/2024,1562.405518,1591.652181,1558.700893,1589.068702,4958904
3/19/2024,1522.23999,1558.84711,1518.876672,1552.364076,6870411
3/20/2024,1515.903198,1535.400973,1513.368511,1523.7511,4759059
3/21/2024,1515.659546,1537.350821,1504.643374,1524.726059,11062497
3/22/2024,1470.960938,1490.507505,1460.578348,1482.80586,14673890
3/26/2024,1455.167725,1469.596007,1450.537003,1454.534023,8351081
3/27/2024,1446.588623,1461.358211,1444.34645,1458.433545,6857402
3/28/2024,1460.432129,1473.836849,1449.805818,1449.805818,12499530
4/1/2024,1457.897339,1491.531001,1455.313979,1486.705349,6580002
4/2/2024,1445.61377,1455.655171,1443.663992,1447.563547,7279400
4/3/2024,1443.468994,1457.556088,1437.960849,1441.860404,8736248
4/4/2024,1449.367065,1458.092391,1431.136693,1453.120482,11186915
4/5/2024,1441.957886,1449.367016,1438.984547,1442.884101,5072482
4/8/2024,1439.618164,1453.510329,1437.083477,1445.760011,6610887
4/9/2024,1457.3125,1475.786714,1449.952161,1452.584313,9423230
4/10/2024,1468.962402,1471.935742,1447.271128,1462.674299,6744595
4/12/2024,1447.466064,1468.962409,1442.347899,1466.232673,12275616
4/15/2024,1431.282959,1454.48524,1424.361273,1442.835367,8531224
4/16/2024,1378.931396,1418.609441,1377.566647,1414.563629,16173541
4/18/2024,1383.61084,1408.421711,1372.155897,1385.41436,22107945
4/19/2024,1375.811768,1391.020008,1344.127883,1350.220938,20603621
4/22/2024,1396.771851,1400.768871,1377.56659,1384.244554,5859087
4/23/2024,1406.179565,1410.517773,1397.015587,1406.764475,4856174
4/24/2024,1394.822144,1408.031934,1391.215103,1408.031934,4268213
4/25/2024,1402.328735,1408.616839,1384.342085,1384.342085,9089398
4/26/2024,1394.334595,1409.104183,1391.166206,1403.547246,8062444
4/29/2024,1398.72168,1403.644916,1392.384903,1394.042166,5055957
4/30/2024,1384.878296,1400.476516,1381.95363,1398.672877,6936588
5/2/2024,1378.931396,1388.241632,1376.396709,1377.517855,10076354
5/3/2024,1380.734985,1389.02154,1367.963848,1386.389269,8842345
5/6/2024,1390.093994,1409.396721,1381.514925,1384.342126,6445422
5/7/2024,1404.765869,1407.105626,1380.052464,1389.167649,6080661
5/8/2024,1391.45874,1403.596057,1389.801358,1399.209058,6234983
5/9/2024,1403.401123,1413.539871,1389.070187,1391.702458,6088406
5/10/2024,1389.119019,1399.891468,1377.517819,1399.014163,8777481
5/13/2024,1387.705444,1389.21657,1375.763056,1389.21657,3735954
5/14/2024,1388.92395,1397.746741,1382.441035,1390.581332,3463230
5/15/2024,1384.293335,1395.845863,1382.928586,1390.19146,4327544
5/16/2024,1416.854614,1419.194371,1391.166318,1397.941748,9249145
5/17/2024,1408.031982,1420.413023,1403.108746,1420.413023,7542860
5/21/2024,1398.136841,1408.421847,1392.53123,1394.091028,6752663
5/22/2024,1418.268188,1423.28877,1392.141123,1392.872289,7173285
5/23/2024,1435.426147,1441.031757,1413.588617,1418.170546,8641428
5/24/2024,1428.309448,1438.448315,1423.33754,1431.380372,5277938
5/27/2024,1434.402588,1442.44542,1423.581346,1434.890032,5821844
5/28/2024,1430.210571,1438.935778,1423.630072,1438.448334,6186922
5/29/2024,1414.514771,1428.699449,1413.588674,1428.601984,7401634
5/30/2024,1391.60498,1413.442514,1385.853232,1406.569619,9663150
5/31/2024,1391.061279,1420.575207,1384.238935,1393.928656,37113815
6/3/2024,1390.07251,1423.78859,1388.193876,1423.78859,10589244
6/4/2024,1377.960327,1399.069945,1343.057686,1393.137493,13736134
6/5/2024,1414,1421.811086,1384.387223,1384.387223,9233424
6/6/2024,1455.675537,1457.702507,1421.31675,1428.68283,12660930
6/7/2024,1516.334839,1522.366141,1460.619246,1464.327029,24075302
6/10/2024,1482.865845,1512.577591,1480.443475,1508.128252,6810606
6/11/2024,1478.910889,1489.49038,1477.131105,1483.162528,4853054
6/12/2024,1468.479614,1491.764537,1466.057245,1490.034239,9564320
6/13/2024,1477.131104,1488.056751,1472.582914,1478.169331,7307565
6/14/2024,1472.138062,1486.771371,1469.320171,1486.771371,4237727
6/18/2024,1481.333252,1490.03423,1478.564847,1480.14681,5420939
6/19/2024,1494.335327,1498.586966,1479.850231,1488.056839,5493456
6/20/2024,1498.339722,1500.416056,1482.223178,1499.229614,7927010
6/21/2024,1515.444946,1540.212984,1506.546268,1527.606522,17301941
6/24/2024,1509.957397,1511.885396,1498.339679,1507.386692,5564989
6/25/2024,1524.59082,1526.51894,1503.234015,1508.820432,4551525
6/26/2024,1523.354858,1531.41313,1517.719077,1523.651529,4851004
6/27/2024,1555.637329,1560.630525,1514.802354,1521.130206,14757754
6/28/2024,1549.111572,1570.616711,1546.639717,1554.846324,8197544
7/1/2024,1572.890869,1581.888397,1541.943195,1541.943195,6801771
7/2/2024,1602.800415,1615.406877,1568.639328,1578.230078,10493173
7/3/2024,1609.078857,1617.582015,1587.919753,1606.705852,7269965
7/4/2024,1632.067139,1641.311853,1609.672106,1609.869807,8008311
7/5/2024,1628.903076,1647.095954,1614.961837,1632.858044,7065022
7/8/2024,1642.943237,1647.244241,1621.536948,1624.602024,5880533
7/9/2024,1638.493896,1647.985796,1632.413109,1641.212937,5191182
7/10/2024,1629.694092,1655.1542,1619.1146,1638.345585,9852770
7/11/2024,1634.093994,1646.25557,1623.563988,1637.356891,8857679
7/12/2024,1692.479248,1700.389185,1647.887005,1661.086687,17078316
7/15/2024,1687.832153,1708.546251,1683.481664,1706.766467,6942230
7/16/2024,1706.618286,1718.334855,1680.861507,1699.252085,6886281
7/18/2024,1738.258057,1745.525287,1699.64763,1699.64763,11248896
7/19/2024,1772.765015,1823.240345,1766.338191,1823.240345,29819116
7/22/2024,1790.463501,1802.476741,1772.764994,1779.884009,8462126
7/23/2024,1816.220337,1819.235928,1763.174301,1789.623151,7113056
7/24/2024,1813.303467,1821.608924,1799.115042,1816.813549,6002845
7/25/2024,1804.305908,1810.287846,1791.600597,1799.510533,5815599
7/26/2024,1857.747437,1861.801255,1804.800252,1804.800252,11369047
7/29/2024,1850.035278,1881.576175,1843.015234,1872.281975,4635931
7/30/2024,1856.017212,1858.785617,1839.060261,1850.035274,2721265
7/31/2024,1847.217285,1863.927049,1844.053359,1855.868778,5004209
8/1/2024,1831.74353,1846.871332,1824.327965,1835.204128,7475014
8/2/2024,1800.697021,1838.565891,1795.703946,1822.251647,7400938
8/5/2024,1732.177246,1777.26386,1699.202722,1764.855099,10736703
8/6/2024,1731.38623,1776.720031,1725.206592,1740.383759,7690163
8/7/2024,1771.479736,1777.659374,1742.26236,1775.78074,5094329
8/8/2024,1723.525757,1759.911392,1707.656398,1759.911392,6227910
8/9/2024,1750.814941,1760.702362,1736.230997,1751.309312,4258524
8/12/2024,1777.165039,1783.196342,1748.194848,1753.089194,4315329
8/13/2024,1777.214355,1789.623117,1768.909019,1789.623117,4176918
8/14/2024,1802.723999,1804.454298,1777.214405,1781.71323,7450718
8/16/2024,1838.021973,1840.889349,1808.903568,1829.17278,7335657
8/19/2024,1843.806274,1846.525315,1828.381801,1839.060264,2585989
8/20/2024,1851.122803,1864.47082,1847.167835,1858.835039,3870333
8/21/2024,1851.617188,1857.846311,1846.080256,1853.990193,1966902
8/22/2024,1859.082275,1872.331443,1848.650998,1862.790058,4300287
8/23/2024,1841.136597,1861.405809,1836.094036,1857.05532,5015935
8/26/2024,1855.028442,1867.486568,1843.015202,1848.947655,3728589
8/27/2024,1878.70874,1881.328931,1852.803747,1855.028416,3830679
8/28/2024,1917.269653,1929.035708,1876.039159,1885.432208,6514531
8/29/2024,1911.584473,1928.541423,1899.274682,1911.238437,7228284
8/30/2024,1921.817871,1928.046994,1906.294669,1916.18209,13466759
9/2/2024,1942.383789,1953.507137,1920.928135,1921.47187,5573739
9/3/2024,1919.395508,1944.855616,1914.649498,1944.855616,4694322
9/4/2024,1900.807129,1905.503654,1878.659403,1899.472351,4778310
9/5/2024,1911.386719,1918.159578,1888.101795,1904.564374,4081810
9/6/2024,1880.439087,1914.699024,1875.495377,1900.362264,5848106
9/9/2024,1873.32019,1899.225184,1867.733774,1868.722516,4772612
9/10/2024,1890.771484,1913.215881,1874.654941,1883.454769,6909600
9/11/2024,1888.64563,1904.317167,1883.553584,1893.144334,5312946
9/12/2024,1928.491943,1934.375031,1889.288416,1903.328506,8555092
9/13/2024,1922.213379,1936.550139,1913.858557,1928.491867,3843127
9/16/2024,1928.294189,1930.024488,1911.287874,1923.84485,1570181
9/17/2024,1930.568359,1936.401841,1920.285418,1925.822349,2793127
9/18/2024,1870.848267,1916.923621,1860.12044,1916.923621,6385468
9/19/2024,1872.875122,1903.229575,1857.648591,1889.090516,7976570
9/20/2024,1884.295166,1893.44103,1846.376932,1883.553609,15242974
9/23/2024,1875.099854,1897.297185,1857.302496,1887.508615,3636672
9/24/2024,1877.225586,1889.387161,1850.331851,1866.744945,7277616
9/25/2024,1873.962891,1880.191893,1855.671162,1865.113577,4268341
9/26/2024,1878.857056,1896.357741,1871.688676,1876.434686,8952803
9/27/2024,1885.283936,1952.370061,1881.872824,1910.348523,14908931
9/30/2024,1854.484619,1879.845878,1849.442059,1858.835108,6986955
10/1/2024,1882.910889,1887.459078,1853.891334,1853.891334,4029072
10/3/2024,1872.084229,1890.326471,1859.823803,1868.22811,7503887
10/4/2024,1896.555542,1932.10077,1864.767462,1868.277544,10001483
10/7/2024,1912.523804,1920.137069,1894.479261,1901.54867,6112575
10/8/2024,1926.613403,1935.907482,1884.888416,1916.083276,5637391
10/9/2024,1930.765991,1954.742985,1923.202091,1930.568291,4857163
10/10/2024,1897.395996,1941.889388,1892.551136,1935.858086,4782119
10/11/2024,1913.314697,1925.080752,1888.596146,1896.407233,4709431
10/14/2024,1936.846802,1947.327443,1909.359725,1910.397952,3751378
10/15/2024,1937.24231,1969.030269,1929.777259,1937.934381,5353705
10/16/2024,1898.483643,1937.48959,1894.77586,1932.990765,3111512
10/17/2024,1945.943237,1955.731808,1908.420524,1913.413599,8162822
10/18/2024,1858.439575,1915.045059,1848.206119,1872.479785,10526196
10/21/2024,1831.891846,1877.423466,1817.3079,1869.810079,4654601
10/22/2024,1830.754761,1856.659875,1826.157086,1837.280434,4125240
10/23/2024,1852.309326,1864.767451,1823.240287,1824.476214,4311910
10/24/2024,1842.372437,1862.789984,1839.060175,1840.444438,2906475
10/25/2024,1841.087158,1855.226097,1825.613321,1842.4713,4689120
10/28/2024,1844.349976,1860.713705,1836.094004,1838.763559,7018940
10/29/2024,1839.300049,1851.599976,1829,1846,4621252
10/30/2024,1802.099976,1839,1796.349976,1832,5919715
10/31/2024,1757.25,1787.900024,1746.5,1787.900024,7395236
11/1/2024,1760.849976,1766,1752.050049,1764.5,371966
11/4/2024,1763.650024,1767,1718,1724.5,7336722
11/5/2024,1754.199951,1768.449951,1745,1760,3160880
11/6/2024,1823.699951,1827.199951,1762.650024,1764,10421494
11/7/2024,1803.050049,1825.699951,1787,1812.949951,4550965
11/8/2024,1829.949951,1840.599976,1813.150024,1818,4210960
11/11/2024,1860.099976,1868,1822.550049,1829,3804234
11/12/2024,1868.800049,1881,1861,1871.099976,5012450
11/13/2024,1868.400024,1873.199951,1856.300049,1861.099976,4257495
11/14/2024,1864.550049,1876,1856,1865.599976,4311431
11/18/2024,1811.449951,1849.199951,1795,1849.199951,4839244
11/19/2024,1824.75,1859.699951,1820.550049,1825.5,4669769
11/21/2024,1834.050049,1867,1820.599976,1842,5436504
11/22/2024,1902.25,1914.050049,1834,1854.099976,6301486
11/25/2024,1889.699951,1919.300049,1882,1916,12764638
11/26/2024,1924.150024,1938.599976,1897.300049,1904.949951,6850495
11/27/2024,1924.5,1941.400024,1911.75,1930.099976,4447143
11/28/2024,1856.650024,1914.900024,1851.650024,1914.900024,8468790
11/29/2024,1857.849976,1877,1845,1851.099976,5244346
12/2/2024,1879.800049,1882.800049,1835.199951,1859,2868263
12/3/2024,1892.099976,1899.75,1871.150024,1887,4715792
12/4/2024,1889.25,1913.949951,1875,1884,4705573
12/5/2024,1934.849976,1949.900024,1888.949951,1900,9050038
12/6/2024,1922.400024,1937.949951,1912.400024,1932.800049,3573331
12/9/2024,1923.650024,1930.199951,1897.199951,1924.199951,4274645
12/10/2024,1948.550049,1965.599976,1932,1939,6174921
12/11/2024,1974.150024,1978,1952,1955,5025612
12/12/2024,1987,1998.800049,1970.550049,1975.199951,6462130
12/13/2024,1999.699951,2006.449951,1953.800049,1969.75,5362693
12/16/2024,1980.050049,1999.599976,1977.599976,1995.449951,3119221
12/17/2024,1976.599976,1982,1958,1968,5811050
12/18/2024,1979.150024,1984.949951,1961.599976,1966.800049,3064095
12/19/2024,1946.199951,1959.75,1920,1934,5323592
12/20/2024,1922.150024,1979.949951,1911.25,1975.150024,11056720
12/23/2024,1924.300049,1940,1909,1930.050049,2781793
12/24/2024,1909.050049,1942,1840,1927.050049,2360544
12/26/2024,1907.400024,1919.75,1902.300049,1909.050049,3623321
12/27/2024,1916.75,1924.150024,1903.900024,1909.400024,3937500
12/30/2024,1906,1916,1886.5,1915.699951,7789055
